,Player,Pos,Team,Opp,DK Proj,FD Proj,FFPC Proj,Standard Proj,Half PPR Proj,Full PPR Proj,DK Ceiling,FD Ceiling,Slate
0,Jonathan Taylor,RB,IND,TEN,26.4,24.8,24.8,21.7,23.2,24.7,42.5,40.6,Main
1,Patrick Mahomes,QB,KC,WAS,24.7,24.5,25.7,22.8,22.8,22.8,36.3,36.3,Monday
2,Bijan Robinson,RB,ATL,MIA,23.8,21.3,22.8,18.0,20.3,22.6,39.2,36.1,Main
3,Ja'Marr Chase,WR,CIN,NYJ,23.4,19.3,22.1,14.0,18.0,22.1,38.7,33.1,Main
4,Christian McCaffrey,RB,SF,@HOU,23.4,20.5,22.5,16.9,19.6,22.3,37.5,33.8,Main
5,Josh Allen,QB,BUF,@CAR,22.3,22.1,23.5,20.9,20.9,20.9,33.7,33.7,Main
6,Lamar Jackson,QB,BAL,CHI,22.1,21.9,23.3,20.9,20.9,20.9,33.9,33.8,Main
7,Jalen Hurts,QB,PHI,NYG,22.0,21.7,23.2,20.6,20.6,20.6,33.2,33.1,Main
8,Bo Nix,QB,DEN,DAL,21.9,21.7,22.9,20.3,20.3,20.3,33.0,32.9,Main
9,Baker Mayfield,QB,TB,@NO,20.9,20.7,21.9,19.2,19.2,19.2,32.0,31.9,Main
10,De'Von Achane,RB,MIA,@ATL,20.8,18.2,20.0,15.0,17.4,19.9,33.9,30.7,Main
11,Justin Herbert,QB,LAC,MIN,20.4,20.2,21.4,18.6,18.6,18.6,31.6,31.5,Thursday
12,Daniel Jones,QB,IND,TEN,19.9,19.8,21.0,18.3,18.3,18.3,31.7,31.7,Main
13,Saquon Barkley,RB,PHI,NYG,19.8,18.4,18.6,15.9,17.2,18.5,33.9,32.2,Main
14,Drake Maye,QB,NE,CLE,19.7,19.4,20.8,18.3,18.3,18.3,30.1,30.0,Main
15,CeeDee Lamb,WR,DAL,@DEN,19.5,16.0,18.5,11.6,15.0,18.5,33.9,29.0,Main
16,Rachaad White,RB,TB,@NO,19.4,17.5,18.8,15.0,16.8,18.6,33.2,30.8,Main
17,James Cook,RB,BUF,@CAR,19.2,18.0,18.1,15.9,17.0,18.0,33.3,31.9,Main
18,Derrick Henry,RB,BAL,CHI,19.0,18.4,17.8,16.6,17.1,17.7,33.3,32.5,Main
19,Dak Prescott,QB,DAL,@DEN,18.9,18.7,20.0,17.2,17.2,17.2,29.3,29.3,Main
20,Emeka Egbuka,WR,TB,@NO,18.8,16.0,17.9,12.2,15.0,17.9,33.9,29.8,Main
21,Josh Jacobs,RB,GB,@PIT,18.7,17.1,17.9,14.9,16.4,17.8,32.0,30.1,Sunday
22,Jordan Love,QB,GB,@PIT,18.5,18.3,19.6,16.9,16.9,16.9,29.0,28.9,Sunday
23,Rashee Rice,WR,KC,WAS,18.4,15.0,17.7,10.9,14.3,17.7,32.5,27.7,Monday
24,Joe Flacco,QB,CIN,NYJ,18.1,17.9,19.1,16.4,16.4,16.4,28.3,28.3,Main
25,Jaxson Dart,QB,NYG,@PHI,17.7,17.4,18.5,16.2,16.2,16.2,27.7,27.6,Main
26,Caleb Williams,QB,CHI,@BAL,17.6,17.3,18.7,16.2,16.2,16.2,27.7,27.6,Main
27,Justin Jefferson,WR,MIN,@LAC,17.6,14.6,16.7,10.8,13.7,16.7,31.5,27.1,Thursday
28,Javonte Williams,RB,DAL,@DEN,17.4,15.7,16.8,13.5,15.1,16.7,30.2,28.1,Main
29,Breece Hall,RB,NYJ,@CIN,17.4,15.7,16.7,13.5,15.0,16.6,29.7,27.7,Main
30,Spencer Rattler,QB,NO,TB,17.2,17.0,18.2,15.6,15.6,15.6,27.3,27.3,Main
31,CJ Stroud,QB,HOU,SF,16.7,16.5,17.8,15.4,15.4,15.4,26.1,26.0,Main
32,Carson Wentz,QB,MIN,@LAC,16.7,16.4,17.8,15.1,15.1,15.1,26.3,26.2,Thursday
33,Jaylen Warren,RB,PIT,GB,16.6,15.0,16.1,12.9,14.4,16.0,28.9,26.8,Sunday
34,Drake London,WR,ATL,MIA,16.5,13.7,15.7,10.2,12.9,15.7,30.3,26.2,Main
35,Michael Penix,QB,ATL,MIA,16.3,16.1,17.4,14.8,14.8,14.8,26.3,26.2,Main
36,Chris Olave,WR,NO,TB,16.2,13.1,15.6,9.3,12.5,15.6,28.8,24.2,Main
37,AJ Brown,WR,PHI,NYG,15.9,13.2,15.1,9.9,12.5,15.1,29.6,25.6,Main
38,Marcus Mariota,QB,WAS,@KC,15.9,15.6,16.9,14.6,14.6,14.6,25.0,24.9,Monday
39,Tyrod Taylor,QB,NYJ,@CIN,15.8,15.4,16.8,14.5,14.5,14.5,25.0,24.9,Main
40,Aaron Rodgers,QB,PIT,GB,15.4,15.2,16.5,14.0,14.0,14.0,24.5,24.4,Sunday
41,Kimani Vidal,RB,LAC,MIN,15.2,13.6,14.7,11.8,13.2,14.6,26.9,24.9,Thursday
42,Mac Jones,QB,SF,@HOU,15.2,15.0,16.2,13.7,13.7,13.7,24.3,24.2,Main
43,Zay Flowers,WR,BAL,CHI,14.8,12.3,14.2,9.3,11.7,14.2,27.7,24.0,Main
44,Jaylen Waddle,WR,MIA,@ATL,14.8,12.2,14.2,9.0,11.6,14.1,27.2,23.4,Main
45,Tyler Warren,TE,IND,TEN,14.7,12.0,16.8,9.0,11.6,14.2,27.9,23.7,Main
46,Alvin Kamara,RB,NO,TB,14.6,12.4,14.4,10.2,12.3,14.3,25.6,22.7,Main
47,Quinshon Judkins,RB,CLE,@NE,14.5,13.5,13.7,12.0,12.8,13.6,26.0,24.8,Main
48,George Pickens,WR,DAL,@DEN,14.5,12.2,13.9,9.5,11.7,13.9,27.3,23.9,Main
49,Stefon Diggs,WR,NE,CLE,14.4,11.7,13.9,8.5,11.2,13.9,26.6,22.6,Main
50,Courtland Sutton,WR,DEN,DAL,14.2,11.9,13.7,9.2,11.4,13.7,27.0,23.5,Main
51,DeVonta Smith,WR,PHI,NYG,14.2,11.6,13.7,8.5,11.1,13.7,26.5,22.6,Main
52,Andy Dalton,QB,CAR,BUF,14.1,13.9,15.1,12.7,12.7,12.7,22.5,22.4,Main
53,Ladd McConkey,WR,LAC,MIN,14.1,11.4,13.6,8.3,11.0,13.6,26.2,22.3,Thursday
54,Chase Brown,RB,CIN,NYJ,14.0,12.5,13.7,10.9,12.2,13.6,25.5,23.6,Main
55,Cam Skattebo,RB,NYG,@PHI,13.8,12.2,13.5,10.5,11.9,13.4,24.7,22.6,Main
56,Romeo Doubs,WR,GB,@PIT,13.6,11.3,13.2,8.5,10.8,13.1,26.0,22.4,Sunday
57,Tua Tagovailoa,QB,MIA,@ATL,13.6,13.4,14.6,12.3,12.3,12.3,22.0,22.0,Main
58,Tetairoa McMillan,WR,CAR,BUF,13.5,11.2,13.0,8.3,10.7,13.0,25.3,21.8,Main
59,Tee Higgins,WR,CIN,NYJ,13.4,11.3,13.0,8.7,10.9,13.0,25.7,22.4,Main
60,Xavier Worthy,WR,KC,WAS,13.4,11.4,13.1,9.0,11.0,13.0,26.0,22.8,Monday
61,D'Andre Swift,RB,CHI,@BAL,13.3,11.9,13.1,10.4,11.7,13.0,24.3,22.3,Main
62,Keenan Allen,WR,LAC,MIN,13.2,10.6,12.9,7.8,10.3,12.9,24.7,21.0,Thursday
63,Quentin Johnston,WR,LAC,MIN,13.1,10.9,12.7,8.3,10.5,12.7,25.0,21.7,Thursday
64,Jordan Addison,WR,MIN,@LAC,13.1,10.8,12.6,8.1,10.4,12.6,24.9,21.5,Thursday
65,Michael Pittman,WR,IND,TEN,13.0,10.5,12.6,7.6,10.1,12.6,26.6,22.6,Main
66,Wan'Dale Robinson,WR,NYG,@PHI,13.0,10.4,12.6,7.4,10.0,12.5,23.9,20.1,Main
67,Isiah Pacheco,RB,KC,WAS,12.9,11.9,12.5,10.6,11.5,12.4,25.0,23.7,Monday
68,Rashid Shaheed,WR,NO,TB,12.9,10.6,12.4,8.0,10.2,12.4,24.3,21.0,Main
69,Cameron Ward,QB,TEN,@IND,12.9,12.6,13.9,11.4,11.4,11.4,21.0,20.9,Main
70,Rome Odunze,WR,CHI,@BAL,12.8,10.8,12.4,8.3,10.4,12.4,24.8,21.6,Main
71,JK Dobbins,RB,DEN,DAL,12.8,12.3,12.2,11.3,11.7,12.1,24.4,23.8,Main
72,Dillon Gabriel,QB,CLE,@NE,12.6,12.4,13.6,11.4,11.4,11.4,20.4,20.3,Main
73,Tucker Kraft,TE,GB,@PIT,12.4,10.2,14.3,7.7,9.9,12.1,23.2,19.8,Sunday
74,DK Metcalf,WR,PIT,GB,12.4,10.4,12.0,8.0,10.0,12.0,24.2,21.1,Sunday
75,Dalton Schultz,TE,HOU,SF,12.2,9.7,14.5,7.1,9.5,12.0,22.0,18.3,Main
76,Jordan Mason,RB,MIN,@LAC,12.0,11.2,11.6,10.0,10.7,11.5,22.8,21.6,Thursday
77,George Kittle,TE,SF,@HOU,12.0,9.8,13.8,7.3,9.5,11.6,23.0,19.6,Main
78,Khalil Shakir,WR,BUF,@CAR,11.8,9.4,11.5,6.8,9.1,11.5,22.5,18.9,Main
79,Rhamondre Stevenson,RB,NE,CLE,11.8,10.7,11.6,9.5,10.5,11.5,22.3,20.8,Main
80,Deebo Samuel,WR,WAS,@KC,11.7,9.3,11.4,6.8,9.1,11.4,21.1,17.6,Monday
81,Keon Coleman,WR,BUF,@CAR,11.6,9.8,11.3,7.6,9.4,11.3,23.3,20.4,Main
82,Dallas Goedert,TE,PHI,NYG,11.3,9.0,13.4,6.6,8.9,11.1,21.0,17.6,Main
83,Tony Pollard,RB,TEN,@IND,11.3,9.9,11.1,8.5,9.8,11.0,20.2,18.3,Main
84,Jacory Croskey-Merritt,RB,WAS,@KC,11.3,10.5,10.9,9.5,10.1,10.8,21.7,20.7,Monday
85,Rico Dowdle,RB,CAR,BUF,11.2,10.3,10.9,9.2,10.0,10.8,21.2,20.1,Main
86,Harold Fannin,TE,CLE,@NE,11.2,8.6,13.5,6.0,8.5,11.0,19.8,16.0,Main
87,Woody Marks,RB,HOU,SF,11.2,9.7,11.1,8.2,9.6,11.0,20.9,18.7,Main
88,Tez Johnson,WR,TB,@NO,11.1,9.3,10.8,7.3,9.0,10.8,22.5,19.7,Main
89,Terry McLaurin,WR,WAS,@KC,10.9,8.9,10.6,6.7,8.6,10.6,21.0,17.9,Monday
90,Darnell Mooney,WR,ATL,MIA,10.8,9.0,10.5,6.9,8.7,10.4,21.9,19.1,Main
91,Jerry Jeudy,WR,CLE,@NE,10.8,8.8,10.5,6.5,8.5,10.5,20.6,17.4,Main
92,Jake Ferguson,TE,DAL,@DEN,10.8,8.2,13.3,5.6,8.1,10.7,19.5,15.7,Main
93,Matthew Golden,WR,GB,@PIT,10.8,9.1,10.6,7.1,8.8,10.6,21.6,18.8,Sunday
94,Kyle Pitts,TE,ATL,MIA,10.6,8.5,12.5,6.2,8.3,10.4,20.1,16.8,Main
95,Chuba Hubbard,RB,CAR,BUF,10.5,9.2,10.3,7.9,9.1,10.3,19.8,18.0,Main
96,Mason Taylor,TE,NYJ,@CIN,10.5,8.2,12.7,5.8,8.1,10.4,19.2,15.7,Main
97,Jauan Jennings,WR,SF,@HOU,10.4,8.4,10.2,6.1,8.2,10.2,19.7,16.6,Main
98,IND DST,DST,IND,TEN,10.4,10.4,11.3,10.4,10.4,10.4,18.4,18.4,Main
99,Troy Franklin,WR,DEN,DAL,10.0,8.2,9.8,6.3,8.0,9.8,20.3,17.5,Main
100,Oronde Gadsden,TE,LAC,MIN,10.0,8.0,11.8,5.9,7.9,9.8,19.3,16.2,Thursday
101,Cade Otton,TE,TB,@NO,10.0,7.9,11.9,5.7,7.8,9.8,19.1,15.8,Main
102,DJ Moore,WR,CHI,@BAL,9.9,8.0,9.7,6.1,7.9,9.7,19.0,16.2,Main
103,Josh Downs,WR,IND,TEN,9.9,7.8,9.9,5.7,7.8,9.8,0.0,0.0,Main
104,Evan Engram,TE,DEN,DAL,9.8,7.7,11.8,5.6,7.7,9.7,18.6,15.4,Main
105,Hunter Henry,TE,NE,CLE,9.8,8.0,11.4,6.2,7.9,9.6,19.1,16.3,Main
106,Elic Ayomanor,WR,TEN,@IND,9.8,8.0,9.5,6.0,7.8,9.5,19.3,16.5,Main
107,Alec Pierce,WR,IND,TEN,9.6,8.2,9.1,6.4,7.7,9.1,25.2,22.3,Main
108,Evan McPherson,K,CIN,NYJ,9.6,9.6,10.3,9.6,9.6,9.6,16.2,16.2,Main
109,Travis Kelce,TE,KC,WAS,9.5,7.7,11.2,5.9,7.6,9.4,18.8,15.9,Monday
110,Juwan Johnson,TE,NO,TB,9.5,7.4,11.4,5.3,7.3,9.3,17.8,14.6,Main
111,Theo Johnson,TE,NYG,@PHI,9.5,7.5,11.3,5.5,7.4,9.3,17.9,14.9,Main
112,Cameron Dicker,K,LAC,MIN,9.5,9.5,10.2,9.5,9.5,9.5,16.1,16.1,Thursday
113,Josh Reynolds,WR,NYJ,@CIN,9.4,7.7,9.2,5.8,7.5,9.2,18.7,16.0,Main
114,Sterling Shepard,WR,TB,@NO,9.4,7.7,9.3,5.8,7.6,9.3,19.2,16.5,Main
115,Nick Chubb,RB,HOU,SF,9.3,8.3,9.2,7.2,8.2,9.1,18.2,16.7,Main
116,Parker Romo,K,ATL,MIA,9.3,9.3,10.0,9.3,9.3,9.3,15.8,15.8,Main
117,Wil Lutz,K,DEN,DAL,9.3,9.3,10.0,9.3,9.3,9.3,15.7,15.7,Main
118,Michael Badgley,K,IND,TEN,9.3,9.3,10.0,9.3,9.3,9.3,15.7,15.7,Main
119,Jake Elliott,K,PHI,NYG,9.3,9.3,9.9,9.3,9.3,9.3,15.8,15.8,Main
120,Chase McLaughlin,K,TB,@NO,9.3,9.3,10.0,9.3,9.3,9.3,15.7,15.7,Main
121,Calvin Austin,WR,PIT,GB,9.2,7.7,9.0,6.0,7.5,9.0,19.1,16.6,Sunday
122,Matt Prater,K,BUF,@CAR,9.2,9.2,9.9,9.2,9.2,9.2,15.6,15.6,Main
123,Harrison Butker,K,KC,WAS,9.2,9.2,9.9,9.2,9.2,9.2,15.4,15.4,Monday
124,Eddy Piu00f1eiro,K,SF,@HOU,9.2,9.2,9.9,9.2,9.2,9.2,15.8,15.8,Main
125,Mark Andrews,TE,BAL,CHI,9.1,7.6,10.6,6.0,7.5,9.0,18.4,15.9,Main
126,Aaron Jones,RB,MIN,@LAC,9.1,7.9,9.0,6.7,7.8,9.0,17.9,16.1,Thursday
127,Lucas Havrisik,K,GB,@PIT,9.0,9.0,9.7,9.0,9.0,9.0,15.4,15.4,Sunday
128,Ka'imi Fairbairn,K,HOU,SF,9.0,9.0,9.7,9.0,9.0,9.0,15.6,15.6,Main
129,Dalton Kincaid,TE,BUF,@CAR,8.9,7.2,10.5,5.4,7.1,8.8,17.7,15.0,Main
130,Kendrick Bourne,WR,SF,@HOU,8.9,7.2,8.8,5.2,7.0,8.8,17.9,15.0,Main
131,Tyjae Spears,RB,TEN,@IND,8.9,7.4,8.9,6.0,7.4,8.8,16.6,14.4,Main
132,Tyler Allgeier,RB,ATL,MIA,8.8,8.4,8.6,7.8,8.2,8.5,18.2,17.5,Main
133,Marvin Mims,WR,DEN,DAL,8.8,7.3,8.7,5.6,7.1,8.7,18.0,15.5,Main
134,Malik Washington,WR,MIA,@ATL,8.8,7.0,8.8,5.1,6.9,8.7,17.0,14.1,Main
135,Will Reichard,K,MIN,@LAC,8.8,8.8,9.5,8.8,8.8,8.8,15.3,15.3,Thursday
136,Jayden Higgins,WR,HOU,SF,8.7,7.2,8.5,5.5,7.0,8.5,18.0,15.6,Main
137,Brandon Aubrey,K,DAL,@DEN,8.7,8.7,9.4,8.7,8.7,8.7,15.0,15.0,Main
138,Andy Borregales,K,NE,CLE,8.7,8.7,9.3,8.7,8.7,8.7,15.0,15.0,Main
139,NE DST,DST,NE,CLE,8.7,8.7,9.6,8.7,8.7,8.7,16.3,16.3,Main
140,TJ Hockenson,TE,MIN,@LAC,8.6,6.6,10.5,4.7,6.6,8.5,16.4,13.3,Thursday
141,Jonnu Smith,TE,PIT,GB,8.6,6.7,10.4,4.8,6.7,8.5,16.6,13.7,Sunday
142,Tyler Loop,K,BAL,CHI,8.6,8.6,9.1,8.6,8.6,8.6,14.6,14.6,Main
143,CIN DST,DST,CIN,NYJ,8.5,8.5,9.4,8.5,8.5,8.5,16.0,16.0,Main
144,Blake Grupe,K,NO,TB,8.4,8.4,9.0,8.4,8.4,8.4,14.8,14.8,Main
145,Jaylin Noel,WR,HOU,SF,8.3,6.8,8.2,5.2,6.7,8.2,17.0,14.6,Main
146,Nick Folk,K,NYJ,@CIN,8.3,8.3,9.0,8.3,8.3,8.3,15.0,15.0,Main
147,Xavier Legette,WR,CAR,BUF,8.2,6.6,8.1,4.9,6.5,8.1,16.6,14.1,Main
148,Chris Boswell,K,PIT,GB,8.2,8.2,8.8,8.2,8.2,8.2,14.4,14.4,Sunday
149,PHI DST,DST,PHI,NYG,8.2,8.2,9.1,8.2,8.2,8.2,15.8,15.8,Main
150,Kenneth Gainwell,RB,PIT,GB,8.1,6.6,8.1,5.2,6.6,8.0,16.0,13.8,Sunday
151,KC DST,DST,KC,WAS,8.1,8.1,9.0,8.1,8.1,8.1,15.4,15.4,Monday
152,RJ Harvey,RB,DEN,DAL,8.0,6.8,7.9,5.6,6.7,7.9,16.7,14.9,Main
153,Zach Ertz,TE,WAS,@KC,8.0,6.3,9.7,4.6,6.3,8.0,15.5,12.8,Monday
154,Ryan Fitzgerald,K,CAR,BUF,8.0,8.0,8.7,8.0,8.0,8.0,14.4,14.4,Main
155,Kayshon Boutte,WR,NE,CLE,7.9,6.7,7.8,5.4,6.6,7.7,17.2,15.2,Main
156,Younghoe Koo,K,NYG,@PHI,7.9,7.9,8.6,7.9,7.9,7.9,14.3,14.3,Main
157,Noah Fant,TE,CIN,NYJ,7.8,6.1,9.4,4.3,6.0,7.7,15.4,12.6,Main
158,Andre Szmyt,K,CLE,@NE,7.8,7.8,8.5,7.8,7.8,7.8,14.3,14.3,Main
159,Rashod Bateman,WR,BAL,CHI,7.7,6.5,7.5,5.2,6.4,7.5,17.1,15.1,Main
160,Samaje Perine,RB,CIN,NYJ,7.7,6.9,7.6,6.1,6.8,7.6,15.9,14.7,Main
161,Xavier Hutchinson,WR,HOU,SF,7.7,6.3,7.7,4.9,6.3,7.6,16.3,14.0,Main
162,Chimere Dike,WR,TEN,@IND,7.6,6.1,7.5,4.5,6.0,7.5,15.2,12.7,Main
163,Chig Okonkwo,TE,TEN,@IND,7.6,5.8,9.2,4.1,5.8,7.5,14.6,11.8,Main
164,Olamide Zaccheaus,WR,CHI,@BAL,7.5,6.0,7.4,4.6,6.0,7.4,15.5,13.2,Main
165,Colston Loveland,TE,CHI,@BAL,7.5,5.9,9.0,4.4,5.9,7.4,14.9,12.5,Main
166,Isaiah Bond,WR,CLE,@NE,7.5,6.0,7.4,4.5,5.9,7.4,15.3,12.9,Main
167,Riley Patterson,K,MIA,@ATL,7.5,7.5,8.2,7.5,7.5,7.5,13.7,13.7,Main
168,Justice Hill,RB,BAL,CHI,7.4,6.1,7.4,4.7,6.0,7.3,15.8,13.7,Main
169,Jake Moody,K,CHI,@BAL,7.4,7.4,8.0,7.4,7.4,7.4,13.5,13.5,Main
170,TB DST,DST,TB,@NO,7.4,7.4,8.3,7.4,7.4,7.4,14.8,14.8,Main
171,Matthew Wright,K,TEN,@IND,7.3,7.3,7.9,7.3,7.3,7.3,13.6,13.6,Main
172,ATL DST,DST,ATL,MIA,7.3,7.3,8.2,7.3,7.3,7.3,14.4,14.4,Main
173,Marquise Brown,WR,KC,WAS,7.2,5.9,7.1,4.7,5.9,7.1,15.8,13.8,Monday
174,Van Jefferson,WR,TEN,@IND,7.2,5.8,7.1,4.4,5.7,7.1,15.0,12.8,Main
175,BUF DST,DST,BUF,@CAR,7.2,7.2,8.0,7.2,7.2,7.2,14.5,14.5,Main
176,SF DST,DST,SF,@HOU,7.2,7.2,8.1,7.2,7.2,7.2,14.5,14.5,Main
177,Lil'Jordan Humphrey,WR,NYG,@PHI,7.1,5.7,7.0,4.3,5.6,7.0,15.0,12.6,Main
178,BAL DST,DST,BAL,CHI,7.1,7.1,7.9,7.1,7.1,7.1,14.4,14.4,Main
179,LAC DST,DST,LAC,MIN,7.1,7.1,7.9,7.1,7.1,7.1,14.2,14.2,Thursday
180,Isaiah Likely,TE,BAL,CHI,7.0,5.7,8.3,4.4,5.7,7.0,15.0,12.8,Main
181,TreVeyon Henderson,RB,NE,CLE,7.0,6.1,6.9,5.2,6.1,6.9,14.7,13.4,Main
182,Matt Gay,K,WAS,@KC,6.9,6.9,7.5,6.9,6.9,6.9,12.9,12.9,Monday
183,CLE DST,DST,CLE,@NE,6.7,6.7,7.5,6.7,6.7,6.7,13.9,13.9,Main
184,HOU DST,DST,HOU,SF,6.7,6.7,7.5,6.7,6.7,6.7,13.8,13.8,Main
185,MIN DST,DST,MIN,@LAC,6.4,6.4,7.2,6.4,6.4,6.4,13.6,13.6,Thursday
186,Christian Watson,WR,GB,@PIT,6.2,5.2,6.1,4.1,5.1,6.1,14.3,12.6,Sunday
187,Brashard Smith,RB,KC,WAS,6.2,5.1,6.2,4.0,5.1,6.2,14.0,12.1,Monday
188,Isaiah Davis,RB,NYJ,@CIN,6.2,5.1,6.2,4.0,5.1,6.1,12.9,11.2,Main
189,GB DST,DST,GB,@PIT,6.2,6.2,7.0,6.2,6.2,6.2,13.1,13.1,Sunday
190,Andrei Iosivas,WR,CIN,NYJ,6.1,5.0,6.1,3.9,5.0,6.1,13.9,12.0,Main
191,Jalen Coker,WR,CAR,BUF,6.0,4.9,6.0,3.7,4.8,6.0,12.9,11.0,Main
192,Nick Westbrook-Ikhine,WR,MIA,@ATL,5.8,4.7,5.7,3.6,4.7,5.7,13.1,11.2,Main
193,Demario Douglas,WR,NE,CLE,5.7,4.6,5.7,3.4,4.5,5.7,12.8,10.9,Main
194,Darnell Washington,TE,PIT,GB,5.7,4.4,6.8,3.2,4.4,5.6,12.2,10.1,Sunday
195,Gunnar Helm,TE,TEN,@IND,5.7,4.4,6.9,3.1,4.4,5.7,11.9,9.7,Main
196,DEN DST,DST,DEN,DAL,5.7,5.7,6.4,5.7,5.7,5.7,12.7,12.7,Main
197,Kyle Monangai,RB,CHI,@BAL,5.6,5.0,5.6,4.4,5.0,5.5,12.4,11.5,Main
198,Kavontae Turpin,WR,DAL,@DEN,5.6,4.6,5.6,3.6,4.6,5.5,12.5,10.8,Main
199,Tyrone Tracy,RB,NYG,@PHI,5.6,4.9,5.6,4.3,4.9,5.5,12.1,11.1,Main
200,NYG DST,DST,NYG,@PHI,5.6,5.6,6.3,5.6,5.6,5.6,12.3,12.3,Main
201,Jerome Ford,RB,CLE,@NE,5.5,4.2,5.5,2.9,4.2,5.5,11.6,9.4,Main
202,Tyrell Shavers,WR,BUF,@CAR,5.3,4.4,5.2,3.4,4.3,5.2,12.6,11.0,Main
203,NYJ DST,DST,NYJ,@CIN,5.3,5.3,6.1,5.3,5.3,5.3,12.2,12.2,Main
204,Luther Burden,WR,CHI,@BAL,5.2,4.2,5.1,3.2,4.2,5.1,11.9,10.2,Main
205,Jalen Nailor,WR,MIN,@LAC,5.1,4.2,5.1,3.2,4.2,5.1,12.0,10.4,Thursday
206,PIT DST,DST,PIT,GB,5.1,5.1,5.8,5.1,5.1,5.1,11.7,11.7,Sunday
207,Pat Freiermuth,TE,PIT,GB,5.0,4.0,6.0,3.0,4.0,5.0,11.4,9.6,Sunday
208,JuJu Smith-Schuster,WR,KC,WAS,4.8,3.9,4.8,3.0,3.9,4.8,11.6,10.0,Monday
209,Arian Smith,WR,NYJ,@CIN,4.8,3.9,4.8,3.1,3.9,4.8,11.3,9.8,Main
210,Sean Tucker,RB,TB,@NO,4.8,4.2,4.7,3.8,4.2,4.7,11.2,10.3,Main
211,MIA DST,DST,MIA,@ATL,4.8,4.8,5.6,4.8,4.8,4.8,11.5,11.5,Main
212,NO DST,DST,NO,TB,4.8,4.8,5.5,4.8,4.8,4.8,11.4,11.4,Main
213,DeAndre Hopkins,WR,BAL,CHI,4.7,4.0,4.7,3.2,3.9,4.7,11.9,10.5,Main
214,Jamari Thrash,WR,CLE,@NE,4.7,3.7,4.7,2.8,3.7,4.6,10.8,9.2,Main
215,Taysom Hill,TE,NO,TB,4.7,4.3,5.1,3.9,4.3,4.6,10.9,10.3,Main
216,Jeremy McNichols,RB,WAS,@KC,4.7,3.7,4.7,2.7,3.7,4.7,10.3,8.5,Monday
217,Ja'Tavion Sanders,TE,CAR,BUF,4.4,3.4,5.4,2.4,3.4,4.4,9.9,8.0,Main
218,Kareem Hunt,RB,KC,WAS,4.4,4.2,4.4,4.0,4.2,4.4,11.5,11.1,Monday
219,Ollie Gordon,RB,MIA,@ATL,4.4,4.0,4.4,3.6,3.9,4.3,10.4,9.7,Main
220,Jalin Hyatt,WR,NYG,@PHI,4.4,3.7,4.3,2.9,3.6,4.3,11.0,9.6,Main
221,Jaylin Lane,WR,WAS,@KC,4.4,3.6,4.4,2.8,3.6,4.3,10.5,9.0,Monday
222,Allen Lazard,WR,NYJ,@CIN,4.3,3.5,4.3,2.7,3.5,4.3,10.6,9.1,Main
223,DAL DST,DST,DAL,@DEN,4.3,4.3,5.1,4.3,4.3,4.3,11.0,11.0,Main
224,Elijah Moore,WR,BUF,@CAR,4.2,3.5,4.2,2.8,3.5,4.2,10.6,9.4,Main
225,Tommy Tremble,TE,CAR,BUF,4.2,3.3,5.2,2.3,3.3,4.2,9.7,8.0,Main
226,Braxton Berrios,WR,HOU,SF,4.2,3.4,4.2,2.5,3.3,4.2,10.3,8.8,Main
227,Mitchell Evans,TE,CAR,BUF,4.1,3.2,5.0,2.3,3.2,4.1,9.5,7.9,Main
228,Emanuel Wilson,RB,GB,@PIT,4.1,3.7,4.0,3.3,3.7,4.0,10.0,9.3,Sunday
229,Mack Hollins,WR,NE,CLE,4.1,3.4,4.1,2.7,3.4,4.1,10.7,9.4,Main
230,Brandin Cooks,WR,NO,TB,4.0,3.2,4.0,2.4,3.2,4.0,9.9,8.4,Main
231,CAR DST,DST,CAR,BUF,3.9,3.9,4.6,3.9,3.9,3.9,10.1,10.1,Main
232,WAS DST,DST,WAS,@KC,3.9,3.9,4.7,3.9,3.9,3.9,10.4,10.4,Monday
233,Pat Bryant,WR,DEN,DAL,3.8,3.1,3.8,2.4,3.1,3.8,9.9,8.6,Main
234,Tanner Conner,TE,MIA,@ATL,3.8,3.0,4.5,2.2,3.0,3.7,9.2,7.7,Main
235,Brian Robinson,RB,SF,@HOU,3.8,3.5,3.8,3.3,3.5,3.8,9.4,8.9,Main
236,Demarcus Robinson,WR,SF,@HOU,3.8,3.1,3.8,2.5,3.1,3.8,10.0,8.7,Main
237,CHI DST,DST,CHI,@BAL,3.8,3.8,4.6,3.8,3.8,3.8,10.0,10.0,Main
238,Julian Hill,TE,MIA,@ATL,3.7,2.8,4.5,2.0,2.8,3.7,8.7,7.1,Main
239,Ty Johnson,RB,BUF,@CAR,3.6,3.1,3.6,2.7,3.1,3.6,9.6,8.7,Main
240,Daniel Bellinger,TE,NYG,@PHI,3.5,2.8,4.2,2.1,2.8,3.5,8.7,7.3,Main
241,Jimmy Horn,WR,CAR,BUF,3.2,2.6,3.2,2.1,2.6,3.1,8.3,7.2,Main
242,TEN DST,DST,TEN,@IND,3.2,3.2,4.0,3.2,3.2,3.2,9.5,9.5,Main
243,Dawson Knox,TE,BUF,@CAR,3.1,2.5,3.7,1.9,2.5,3.1,8.3,7.1,Main
244,Dylan Sampson,RB,CLE,@NE,3.1,2.5,3.1,1.9,2.5,3.0,7.6,6.4,Main
245,Ameer Abdullah,RB,IND,TEN,3.1,2.8,3.1,2.6,2.8,3.1,8.7,8.2,Main
246,Jahan Dotson,WR,PHI,NYG,3.1,2.6,3.1,2.0,2.5,3.1,8.9,7.7,Main
247,Jaydon Blue,RB,DAL,@DEN,2.9,2.8,2.9,2.6,2.8,2.9,7.8,7.5,Main
248,Jalen Tolbert,WR,DAL,@DEN,2.9,2.4,2.9,1.8,2.4,2.9,8.1,7.0,Main
249,Nate Adkins,TE,DEN,DAL,2.9,2.4,3.5,1.8,2.4,2.9,8.0,6.8,Main
250,Chris Moore,WR,WAS,@KC,2.8,2.3,2.8,1.8,2.3,2.8,7.8,6.8,Monday
251,Tyquan Thornton,WR,KC,WAS,2.6,2.3,2.6,2.0,2.3,2.6,8.7,7.9,Monday
252,Tyler Johnson,WR,NYJ,@CIN,2.6,2.1,2.6,1.6,2.1,2.6,7.2,6.1,Main
253,Tre' Harris,WR,LAC,MIN,2.5,2.0,2.5,1.5,2.0,2.5,7.4,6.4,Thursday
254,Austin Hooper,TE,NE,CLE,2.5,2.0,3.0,1.5,2.0,2.5,7.2,6.1,Main
255,Blake Whiteheart,TE,CLE,@NE,2.4,1.9,2.9,1.4,1.9,2.4,6.5,5.3,Main
256,Dee Eskridge,WR,MIA,@ATL,2.4,1.9,2.4,1.5,1.9,2.4,6.9,5.9,Main
257,Jeremy Ruckert,TE,NYJ,@CIN,2.4,1.9,3.0,1.3,1.9,2.4,6.4,5.1,Main
258,Tyler Badie,RB,DEN,DAL,2.3,1.8,2.3,1.2,1.8,2.3,6.8,5.6,Main
259,Malik Heath,WR,GB,@PIT,2.3,1.9,2.3,1.4,1.8,2.3,6.9,5.9,Sunday
260,Noah Gray,TE,KC,WAS,2.3,1.9,2.8,1.5,1.9,2.3,6.9,5.9,Monday
261,Nyheim Hines,RB,LAC,MIN,2.3,1.9,2.3,1.6,1.9,2.3,7.0,6.1,Thursday
262,Luke McCaffrey,WR,WAS,@KC,2.3,1.8,2.3,1.4,1.8,2.3,6.6,5.6,Monday
263,Drew Sample,TE,CIN,NYJ,2.2,1.7,2.7,1.2,1.7,2.2,6.2,5.0,Main
264,Luke Musgrave,TE,GB,@PIT,2.2,1.7,2.7,1.3,1.7,2.2,6.2,5.1,Sunday
265,Josh Oliver,TE,MIN,@LAC,2.2,1.7,2.7,1.3,1.7,2.2,6.3,5.3,Thursday
266,Casey Washington,WR,ATL,MIA,2.1,1.8,2.1,1.4,1.8,2.1,6.8,6.0,Main
267,Savion Williams,WR,GB,@PIT,2.1,1.8,2.1,1.5,1.8,2.1,6.3,5.7,Sunday
268,Devin Neal,RB,NO,TB,2.1,2.0,2.1,1.8,1.9,2.1,6.4,6.0,Main
269,Kyle Juszczyk,RB,SF,@HOU,2.1,1.6,2.1,1.1,1.6,2.1,6.1,4.9,Main
270,Ray Davis,RB,BUF,@CAR,2.0,1.8,2.0,1.6,1.8,2.0,6.3,5.8,Main
271,Curtis Samuel,WR,BUF,@CAR,2.0,1.6,1.9,1.3,1.6,1.9,6.2,5.4,Main
272,Adam Trautman,TE,DEN,DAL,2.0,1.6,2.4,1.2,1.6,2.0,6.1,5.2,Main
273,Mo Alie-Cox,TE,IND,TEN,2.0,1.6,2.3,1.3,1.6,2.0,7.6,6.6,Main
274,Adam Thielen,WR,MIN,@LAC,1.9,1.5,1.9,1.1,1.5,1.9,5.8,4.8,Thursday
275,Will Shipley,RB,PHI,NYG,1.9,1.7,1.9,1.4,1.7,1.9,6.1,5.4,Main
276,Kameron Johnson,WR,TB,@NO,1.9,1.5,1.9,1.2,1.5,1.9,6.2,5.3,Main
277,Luke Schoonmaker,TE,DAL,@DEN,1.8,1.4,2.2,1.0,1.4,1.8,5.4,4.5,Main
278,Chris Rodriguez,RB,WAS,@KC,1.8,1.7,1.8,1.6,1.7,1.8,5.4,5.3,Monday
279,Harrison Bryant,TE,HOU,SF,1.7,1.4,2.1,1.0,1.4,1.7,5.4,4.6,Main
280,Adonai Mitchell,WR,IND,TEN,1.7,1.4,1.7,1.1,1.4,1.7,7.0,6.1,Main
281,David Sills V,WR,ATL,MIA,1.6,1.3,1.6,1.0,1.3,1.6,5.2,4.4,Main
282,Alec Ingold,RB,MIA,@ATL,1.6,1.2,1.6,0.8,1.2,1.6,4.9,3.9,Main
283,Kyle Williams,WR,NE,CLE,1.6,1.3,1.6,1.1,1.3,1.6,5.5,4.8,Main
284,Roman Wilson,WR,PIT,GB,1.6,1.3,1.6,1.0,1.3,1.6,5.2,4.4,Sunday
285,John FitzPatrick,TE,GB,@PIT,1.5,1.2,1.8,0.9,1.2,1.5,4.7,3.9,Sunday
286,Jaret Patterson,RB,LAC,MIN,1.5,1.4,1.5,1.4,1.4,1.5,4.9,4.6,Thursday
287,Keaton Mitchell,RB,BAL,CHI,1.4,1.3,1.4,1.3,1.3,1.4,4.7,4.6,Main
288,Luke Farrell,TE,SF,@HOU,1.4,1.1,1.7,0.8,1.1,1.4,4.4,3.6,Main
289,Mason Kinsey,WR,TEN,@IND,1.3,1.0,1.3,0.8,1.0,1.3,4.4,3.6,Main
290,Jackson Hawes,TE,BUF,@CAR,1.2,1.0,1.4,0.8,1.0,1.2,4.3,3.6,Main
291,Foster Moreau,TE,NO,TB,1.2,0.9,1.4,0.7,0.9,1.2,4.0,3.3,Main
292,Tylan Wallace,WR,BAL,CHI,1.1,0.9,1.1,0.7,0.9,1.1,4.1,3.5,Main
293,Durham Smythe,TE,CHI,@BAL,1.1,0.8,1.3,0.6,0.8,1.1,3.8,3.1,Main
294,DJ Giddens,RB,IND,TEN,1.1,1.1,1.1,1.1,1.1,1.1,4.2,4.1,Main
295,Devaughn Vele,WR,NO,TB,1.1,0.9,1.1,0.6,0.9,1.1,3.8,3.1,Main
296,Charlie Kolar,TE,BAL,CHI,1.0,0.8,1.2,0.6,0.8,1.0,3.9,3.3,Main
297,Devin Singletary,RB,NYG,@PHI,1.0,0.9,1.0,0.9,0.9,1.0,3.5,3.3,Main
298,Tank Bigsby,RB,PHI,NYG,1.0,1.0,1.0,1.0,1.0,1.0,3.9,3.8,Main
299,Charlie Woerner,TE,ATL,MIA,0.9,0.7,1.0,0.5,0.7,0.9,3.3,2.7,Main
300,Malachi Corley,WR,CLE,@NE,0.9,0.7,0.9,0.6,0.7,0.9,3.4,2.8,Main
301,Hunter Luepke,RB,DAL,@DEN,0.9,0.7,0.9,0.5,0.7,0.9,3.6,2.9,Main
302,Brycen Tremayne,WR,CAR,BUF,0.8,0.6,0.8,0.5,0.6,0.8,3.1,2.5,Main
303,Gage Larvadain,WR,CLE,@NE,0.7,0.6,0.7,0.4,0.6,0.7,2.8,2.3,Main
304,Ryan Flournoy,WR,DAL,@DEN,0.7,0.6,0.7,0.5,0.6,0.7,2.9,2.4,Main
305,Tyler Conklin,TE,LAC,MIN,0.7,0.6,0.8,0.5,0.6,0.7,2.6,2.1,Thursday
306,Kylen Granson,TE,PHI,NYG,0.7,0.6,0.9,0.4,0.6,0.7,2.9,2.4,Main
307,Kaleb Johnson,RB,PIT,GB,0.7,0.7,0.7,0.6,0.7,0.7,2.8,2.6,Sunday
308,Ryan Miller,WR,TB,@NO,0.7,0.5,0.7,0.4,0.5,0.7,2.7,2.3,Main
309,John Bates,TE,WAS,@KC,0.7,0.6,0.9,0.4,0.6,0.7,2.8,2.2,Monday
310,Roschon Johnson,RB,CHI,@BAL,0.6,0.6,0.6,0.6,0.6,0.6,2.6,2.5,Main
311,Mitchell Tinsley,WR,CIN,NYJ,0.6,0.5,0.6,0.4,0.5,0.6,2.5,2.1,Main
312,Trent Sherfield,WR,DEN,DAL,0.6,0.5,0.6,0.4,0.5,0.6,2.7,2.2,Main
313,Chris Brooks,RB,GB,@PIT,0.6,0.5,0.6,0.4,0.5,0.6,2.7,2.2,Sunday
314,Anthony Gould,WR,IND,TEN,0.6,0.5,0.6,0.4,0.5,0.6,11.4,9.9,Main
315,Tucker Fisk,TE,LAC,MIN,0.6,0.5,0.8,0.4,0.5,0.6,2.7,2.2,Thursday
316,Jack Stoll,TE,NO,TB,0.6,0.4,0.7,0.3,0.4,0.6,2.3,1.8,Main
317,Connor Heyward,TE,PIT,GB,0.6,0.5,0.7,0.3,0.5,0.6,2.3,1.9,Sunday
318,Adam Prentice,RB,DEN,DAL,0.5,0.4,0.5,0.4,0.4,0.5,2.1,2.0,Main
319,Terrell Jennings,RB,NE,CLE,0.5,0.5,0.5,0.5,0.5,0.5,2.1,2.1,Main
320,Malik Turner,WR,SF,@HOU,0.5,0.4,0.5,0.3,0.4,0.5,2.1,1.7,Main
321,Jake Tonges,TE,SF,@HOU,0.5,0.4,0.6,0.3,0.4,0.5,2.1,1.6,Main
322,Trevor Etienne,RB,CAR,BUF,0.4,0.4,0.4,0.4,0.4,0.4,1.9,1.8,Main
323,Zavier Scott,RB,MIN,@LAC,0.4,0.3,0.4,0.3,0.3,0.4,1.7,1.5,Thursday
324,Skyy Moore,WR,SF,@HOU,0.4,0.4,0.4,0.3,0.4,0.4,1.8,1.6,Main
325,KhaDarel Hodge,WR,ATL,MIA,0.3,0.2,0.3,0.2,0.2,0.3,1.1,0.9,Main
326,Stephen Carlson,TE,CHI,@BAL,0.3,0.2,0.3,0.2,0.2,0.3,1.1,0.9,Main
327,Cam Grandy,TE,CIN,NYJ,0.3,0.3,0.4,0.2,0.3,0.3,1.4,1.2,Main
328,Jonathan Mingo,WR,DAL,@DEN,0.3,0.3,0.3,0.2,0.3,0.3,1.3,1.0,Main
329,Brevyn Spann-Ford,TE,DAL,@DEN,0.3,0.2,0.4,0.2,0.2,0.3,1.3,1.0,Main
330,Dare Ogunbowale,RB,HOU,SF,0.3,0.2,0.3,0.2,0.2,0.3,1.4,1.1,Main
331,Drew Ogletree,TE,IND,TEN,0.3,0.3,0.4,0.2,0.3,0.3,1.3,1.1,Main
332,Scott Matlock,RB,LAC,MIN,0.3,0.2,0.3,0.1,0.2,0.3,1.2,0.9,Thursday
333,Derius Davis,WR,LAC,MIN,0.3,0.3,0.3,0.2,0.3,0.3,1.3,1.2,Thursday
334,Mason Tipton,WR,NO,TB,0.3,0.2,0.3,0.2,0.2,0.3,1.1,0.9,Main
335,Chris Manhertz,TE,NYG,@PHI,0.3,0.2,0.3,0.2,0.2,0.3,1.0,0.8,Main
336,Andrew Beck,TE,NYJ,@CIN,0.3,0.2,0.3,0.1,0.2,0.3,1.1,0.8,Main
337,John Metchie,WR,PHI,NYG,0.3,0.2,0.3,0.1,0.2,0.3,1.1,0.9,Main
338,Ben Skowronek,WR,PIT,GB,0.3,0.2,0.3,0.2,0.2,0.3,1.1,0.9,Sunday
339,Scotty Miller,WR,PIT,GB,0.3,0.2,0.3,0.2,0.2,0.3,1.1,0.9,Sunday
340,Payne Durham,TE,TB,@NO,0.3,0.3,0.4,0.2,0.3,0.3,1.4,1.1,Main
341,Ben Sinnott,TE,WAS,@KC,0.3,0.2,0.3,0.1,0.2,0.3,1.0,0.8,Monday
342,Nathan Carter,RB,ATL,MIA,0.2,0.2,0.2,0.2,0.2,0.2,0.9,0.9,Main
343,Feleipe Franks,TE,ATL,MIA,0.2,0.2,0.2,0.1,0.2,0.2,0.5,0.4,Main
344,Patrick Ricard,RB,BAL,CHI,0.2,0.2,0.2,0.1,0.2,0.2,1.0,0.8,Main
345,British Brooks,RB,HOU,SF,0.2,0.2,0.2,0.1,0.2,0.2,0.9,0.8,Main
346,Robert Tonyan,TE,KC,WAS,0.2,0.1,0.2,0.1,0.1,0.2,0.8,0.6,Monday
347,Beaux Collins,WR,NYG,@PHI,0.2,0.2,0.2,0.1,0.2,0.2,1.0,0.8,Main
348,Devin Culp,TE,TB,@NO,0.2,0.1,0.2,0.1,0.1,0.2,0.6,0.5,Main
349,Julius Chestnut,RB,TEN,@IND,0.2,0.2,0.2,0.2,0.2,0.2,1.0,0.9,Main
350,Teagan Quitoriano,TE,ATL,MIA,0.1,0.1,0.2,0.1,0.1,0.1,0.7,0.5,Main
351,Reggie Gilliam,TE,BUF,@CAR,0.1,0.1,0.2,0.1,0.1,0.1,0.6,0.5,Main
352,Tahj Brooks,RB,CIN,NYJ,0.1,0.1,0.1,0.1,0.1,0.1,0.6,0.6,Main
353,Malik Davis,RB,DAL,@DEN,0.1,0.1,0.1,0.1,0.1,0.1,0.7,0.7,Main
354,Brenden Bates,TE,HOU,SF,0.1,0.1,0.2,0.1,0.1,0.1,0.6,0.5,Main
355,Ben Yurosek,TE,MIN,@LAC,0.1,0.1,0.2,0.1,0.1,0.1,0.6,0.5,Thursday
356,Tai Felton,WR,MIN,@LAC,0.1,0.1,0.1,0.1,0.1,0.1,0.5,0.4,Thursday
357,Efton Chism,WR,NE,CLE,0.1,0.1,0.1,0.1,0.1,0.1,0.6,0.5,Main
358,Jack Westover,TE,NE,CLE,0.1,0.1,0.2,0.1,0.1,0.1,0.6,0.5,Main
359,Velus Jones,RB,NO,TB,0.1,0.1,0.1,0.1,0.1,0.1,0.6,0.4,Main
360,Gunner Olszewski,WR,NYG,@PHI,0.1,0.1,0.1,0.1,0.1,0.1,0.5,0.4,Main
361,Thomas Fidone,TE,NYG,@PHI,0.1,0.1,0.1,0.1,0.1,0.1,0.5,0.4,Main
362,Kene Nwangwu,RB,NYJ,@CIN,0.1,0.1,0.1,0.0,0.1,0.1,0.4,0.3,Main
363,EJ Jenkins,TE,PHI,NYG,0.1,0.1,0.2,0.1,0.1,0.1,0.6,0.4,Main
364,Cameron Latu,TE,PHI,NYG,0.1,0.1,0.1,0.1,0.1,0.1,0.5,0.4,Main
365,Isaac Guerendo,RB,SF,@HOU,0.1,0.1,0.1,0.1,0.1,0.1,0.4,0.4,Main
366,Owen Wright,RB,TB,@NO,0.1,0.1,0.1,0.1,0.1,0.1,0.4,0.4,Main
367,David Martin-Robinson,TE,TEN,@IND,0.1,0.1,0.2,0.1,0.1,0.1,0.6,0.4,Main
