,Player,Team,Opp,Pos,Pass Att,Pass Comp,Pass Yards,Pass TD,Int,Rush Att,Rush Yds,Rush TD,Tgt,Rec,Rec Yds,Rec TD,Rush Rec TD
0,A.J. Brown,PHI,MIN,WR,0.0,0.0,0.0,0.0,0.0,0.0,0.0,0.0,7.9,5.0,68.33,0.42,0.42
1,AJ Barner,SEA,HOU,TE,0.0,0.0,0.0,0.0,0.0,0.2,0.4,0.01,3.3,2.71,31.58,0.34,0.35
2,AJ Dillon,PHI,MIN,RB,0.0,0.0,0.0,0.0,0.0,1.4,6.2,0.03,0.4,0.3,1.8,0.0,0.03
3,Aaron Rodgers,PIT,CIN,QB,31.44,21.0,231.67,1.66,0.74,1.65,3.6,0.01,0.0,0.0,0.0,0.0,0.01
4,Adam Prentice,DEN,NYG,RB,0.0,0.0,0.0,0.0,0.0,0.4,1.5,0.01,0.1,0.1,0.3,0.0,0.01
5,Adam Thielen,MIN,PHI,WR,0.0,0.0,0.0,0.0,0.0,0.0,0.0,0.0,1.0,0.6,6.3,0.03,0.03
6,Adam Trautman,DEN,NYG,TE,0.0,0.0,0.0,0.0,0.0,0.0,0.0,0.0,1.2,0.8,8.2,0.07,0.07
7,Alec Ingold,MIA,CLE,RB,0.0,0.0,0.0,0.0,0.0,0.3,0.9,0.01,0.8,0.6,4.9,0.01,0.02
8,Alec Pierce,IND,LAC,WR,0.0,0.0,0.0,0.0,0.0,0.0,0.0,0.0,4.6,2.7,49.3,0.15,0.15
9,Alex Bachman,LVR,KAN,WR,0.0,0.0,0.0,0.0,0.0,0.0,0.0,0.0,0.2,0.1,1.3,0.0,0.0
10,Allen Lazard,NYJ,CAR,WR,0.0,0.0,0.0,0.0,0.0,0.0,0.0,0.0,2.3,1.4,15.2,0.11,0.11
11,Alvin Kamara,NOR,CHI,RB,0.0,0.0,0.0,0.0,0.0,11.77,48.4,0.21,4.8,3.88,24.17,0.19,0.4
12,Ameer Abdullah,IND,LAC,RB,0.0,0.0,0.0,0.0,0.0,1.0,4.4,0.01,0.5,0.5,3.2,0.0,0.01
13,Amon-Ra St. Brown,DET,TB,WR,0.0,0.0,0.0,0.0,0.0,0.4,2.6,0.01,9.3,7.25,83.89,0.79,0.8
14,Andrei Iosivas,CIN,PIT,WR,0.0,0.0,0.0,0.0,0.0,0.2,0.9,0.0,3.8,2.08,24.85,0.15,0.15
15,Andrew Beck,NYJ,CAR,RB,0.0,0.0,0.0,0.0,0.0,0.0,0.0,0.0,0.3,0.2,1.3,0.01,0.01
16,Andrew Ogletree,IND,LAC,TE,0.0,0.0,0.0,0.0,0.0,0.0,0.0,0.0,0.3,0.2,2.3,0.01,0.01
17,Anthony Gould,IND,LAC,WR,0.0,0.0,0.0,0.0,0.0,0.0,0.0,0.0,0.1,0.1,0.8,0.0,0.0
18,Arian Smith,NYJ,CAR,WR,0.0,0.0,0.0,0.0,0.0,0.1,,0.01,3.0,1.8,18.1,0.1,0.11
19,Ashton Dulin,IND,LAC,WR,0.0,0.0,0.0,0.0,0.0,0.2,1.3,0.0,0.6,0.3,5.3,0.01,0.01
20,Ashton Jeanty,LVR,KAN,RB,0.0,0.0,0.0,0.0,0.0,15.8,67.83,0.38,4.4,3.23,23.5,0.16,0.54
21,Austin Hooper,NWE,TEN,TE,0.0,0.0,0.0,0.0,0.0,0.0,0.0,0.0,1.7,1.3,13.1,0.07,0.07
22,Baker Mayfield,TB,DET,QB,33.6,23.0,258.03,1.66,0.43,3.63,21.82,0.04,0.0,0.0,0.0,0.0,0.04
23,Bam Knight,ARZ,GB,RB,0.0,0.0,0.0,0.0,0.0,10.4,35.1,0.35,2.0,1.6,11.9,0.03,0.38
24,Beaux Collins,NYG,DEN,WR,0.0,0.0,0.0,0.0,0.0,0.0,0.0,0.0,0.3,0.2,2.0,0.0,0.0
25,Ben Sinnott,WAS,DAL,TE,0.0,0.0,0.0,0.0,0.0,0.0,0.0,0.0,0.2,0.1,1.4,0.01,0.01
26,Ben Skowronek,PIT,CIN,WR,0.0,0.0,0.0,0.0,0.0,0.0,0.0,0.0,0.7,0.4,5.2,0.05,0.05
27,Bhayshul Tuten,JAX,LAR,RB,0.0,0.0,0.0,0.0,0.0,4.4,17.43,0.11,1.4,1.0,7.5,0.02,0.13
28,Bijan Robinson,ATL,SF,RB,0.0,0.0,0.0,0.0,0.0,17.4,87.2,0.48,6.3,5.3,43.95,0.2,0.68
29,Blake Whiteheart,CLE,MIA,TE,0.0,0.0,0.0,0.0,0.0,0.0,0.0,0.0,1.1,0.7,6.1,0.05,0.05
30,Bo Nix,DEN,NYG,QB,35.29,24.0,230.47,1.54,0.73,5.42,24.38,0.11,0.0,0.0,0.0,0.0,0.11
31,Brady Russell,SEA,HOU,?,0.0,0.0,0.0,0.0,0.0,0.0,0.0,0.0,0.0,0.0,0.0,0.0,0.0
32,Brandin Cooks,NOR,CHI,WR,0.0,0.0,0.0,0.0,0.0,0.0,0.0,0.0,1.9,1.3,13.2,0.06,0.06
33,Brashard Smith,KAN,LVR,RB,0.0,0.0,0.0,0.0,0.0,1.1,4.2,0.03,1.9,1.5,11.69,0.04,0.07
34,Breece Hall,NYJ,CAR,RB,0.0,0.0,0.0,0.0,0.0,16.64,71.83,0.44,4.2,3.2,25.4,0.13,0.57
35,Brenden Bates,HOU,SEA,TE,0.0,0.0,0.0,0.0,0.0,0.0,0.0,0.0,0.4,0.3,3.1,0.01,0.01
36,Brevyn Spann-Ford,DAL,WAS,TE,0.0,0.0,0.0,0.0,0.0,0.0,0.0,0.0,0.3,0.2,1.5,0.01,0.01
37,Brian Robinson,SF,ATL,RB,0.0,0.0,0.0,0.0,0.0,3.7,15.0,0.05,0.6,0.6,3.5,0.02,0.07
38,Brian Thomas,JAX,LAR,WR,0.0,0.0,0.0,0.0,0.0,0.2,1.3,0.0,8.6,4.92,65.84,0.35,0.35
39,British Brooks,HOU,SEA,RB,0.0,0.0,0.0,0.0,0.0,0.9,3.2,0.0,0.0,0.0,0.0,0.0,0.0
40,Brock Purdy,SF,ATL,QB,36.0,23.0,271.0,1.88,1.22,2.8,12.5,0.04,0.0,0.0,0.0,0.0,0.04
41,Brock Wright,DET,TB,TE,0.0,0.0,0.0,0.0,0.0,0.0,0.0,0.0,1.1,0.9,8.2,0.12,0.12
42,Bryce Young,CAR,NYJ,QB,31.63,20.0,195.22,1.51,0.6,2.63,11.78,0.03,0.0,0.0,0.0,0.0,0.03
43,Brycen Tremayne,CAR,NYJ,WR,0.0,0.0,0.0,0.0,0.0,0.0,0.0,0.0,0.2,0.1,1.4,0.0,0.0
44,C.J. Stroud,HOU,SEA,QB,33.55,23.0,231.73,1.12,0.68,3.71,21.25,0.06,0.0,0.0,0.0,0.0,0.06
45,CJ Ham,MIN,PHI,RB,0.0,0.0,0.0,0.0,0.0,0.0,0.0,0.0,0.5,0.4,2.7,0.01,0.01
46,Cade Otton,TB,DET,TE,0.0,0.0,0.0,0.0,0.0,0.0,0.0,0.0,7.6,5.4,54.7,0.45,0.45
47,Caleb Williams,CHI,NOR,QB,31.0,20.0,224.5,1.87,0.32,5.8,29.23,0.21,0.0,0.0,0.0,0.0,0.21
48,Calvin Ridley,TEN,NWE,?,0.0,0.0,0.0,0.0,0.0,0.0,0.0,0.0,0.0,0.0,0.0,0.0,0.0
49,Cam Akers,MIN,PHI,RB,0.0,0.0,0.0,0.0,0.0,0.2,0.8,0.0,0.1,0.1,0.4,0.0,0.0
50,Cam Grandy,CIN,PIT,TE,0.0,0.0,0.0,0.0,0.0,0.0,0.0,0.0,0.6,0.5,3.6,0.02,0.02
51,Cam Skattebo,NYG,DEN,RB,0.0,0.0,0.0,0.0,0.0,14.15,59.64,0.38,3.9,3.12,23.89,0.14,0.52
52,Cam Ward,TEN,NWE,QB,33.35,19.0,191.09,0.95,0.66,2.47,10.59,0.02,0.0,0.0,0.0,0.0,0.02
53,Carson Wentz,MIN,PHI,QB,33.0,21.0,238.0,1.43,0.65,2.5,13.1,0.03,0.0,0.0,0.0,0.0,0.03
54,Carter Runyon,LVR,KAN,TE,0.0,0.0,0.0,0.0,0.0,0.0,0.0,0.0,0.1,0.0,0.3,0.0,0.0
55,Casey Washington,ATL,SF,WR,0.0,0.0,0.0,0.0,0.0,0.0,0.0,0.0,3.4,1.6,22.6,0.12,0.12
56,CeeDee Lamb,DAL,WAS,WR,0.0,0.0,0.0,0.0,0.0,0.0,0.0,0.0,9.4,6.5,87.8,0.59,0.59
57,Charlie Jones,CIN,PIT,WR,0.0,0.0,0.0,0.0,0.0,0.0,0.0,0.0,0.1,0.0,0.4,0.0,0.0
58,Charlie Woerner,ATL,SF,TE,0.0,0.0,0.0,0.0,0.0,0.0,0.0,0.0,0.8,0.6,4.3,0.03,0.03
59,Chase Brown,CIN,PIT,RB,0.0,0.0,0.0,0.0,0.0,11.84,41.99,0.32,4.4,3.43,21.37,0.07,0.39
60,Chig Okonkwo,TEN,NWE,TE,0.0,0.0,0.0,0.0,0.0,0.0,0.0,0.0,4.7,3.57,35.42,0.17,0.17
61,Chimere Dike,TEN,NWE,WR,0.0,0.0,0.0,0.0,0.0,0.6,2.7,0.02,3.9,2.2,20.1,0.13,0.15
62,Chris Manhertz,NYG,DEN,TE,0.0,0.0,0.0,0.0,0.0,0.0,0.0,0.0,0.1,0.1,0.4,0.0,0.0
63,Chris Moore,WAS,DAL,WR,0.0,0.0,0.0,0.0,0.0,0.2,1.0,0.0,4.1,2.4,39.4,0.35,0.35
64,Chris Olave,NOR,CHI,WR,0.0,0.0,0.0,0.0,0.0,0.0,0.0,0.0,9.9,6.4,64.82,0.5,0.5
65,Chris Rodriguez,WAS,DAL,RB,0.0,0.0,0.0,0.0,0.0,1.3,6.2,0.05,0.1,0.1,0.8,0.0,0.05
66,Christian Kirk,HOU,SEA,WR,0.0,0.0,0.0,0.0,0.0,0.0,0.0,0.0,5.1,3.54,38.34,0.18,0.18
67,Christian McCaffrey,SF,ATL,RB,0.0,0.0,0.0,0.0,0.0,17.2,58.4,0.49,6.6,5.5,45.2,0.38,0.87
68,Christopher Brooks,GB,ARZ,RB,0.0,0.0,0.0,0.0,0.0,0.5,2.1,0.0,0.3,0.2,1.5,0.0,0.0
69,Chuba Hubbard,CAR,NYJ,RB,0.0,0.0,0.0,0.0,0.0,10.9,44.3,0.23,1.5,1.2,7.7,0.04,0.27
70,Colby Parkinson,LAR,JAX,TE,0.0,0.0,0.0,0.0,0.0,0.0,0.0,0.0,1.1,0.8,7.2,0.05,0.05
71,Cole Kmet,CHI,NOR,TE,0.0,0.0,0.0,0.0,0.0,0.0,0.0,0.0,2.7,1.8,18.3,0.21,0.21
72,Colson Yankoff,WAS,DAL,?,0.0,0.0,0.0,0.0,0.0,0.0,0.0,0.0,0.0,0.0,0.0,0.0,0.0
73,Colston Loveland,CHI,NOR,TE,0.0,0.0,0.0,0.0,0.0,0.0,0.0,0.0,2.8,1.9,20.2,0.21,0.21
74,Connor Heyward,PIT,CIN,TE,0.0,0.0,0.0,0.0,0.0,0.2,0.4,0.0,0.2,0.2,1.4,0.01,0.01
75,Cooper Kupp,SEA,HOU,WR,0.0,0.0,0.0,0.0,0.0,0.0,0.0,0.0,5.3,3.82,44.36,0.19,0.19
76,Courtland Sutton,DEN,NYG,WR,0.0,0.0,0.0,0.0,0.0,0.0,0.0,0.0,6.9,4.46,59.56,0.43,0.43
77,Craig Reynolds,DET,TB,RB,0.0,0.0,0.0,0.0,0.0,0.3,1.4,0.0,0.1,0.1,0.8,0.0,0.0
78,D'Andre Swift,CHI,NOR,RB,0.0,0.0,0.0,0.0,0.0,14.9,61.75,0.44,3.5,2.8,22.53,0.13,0.57
79,D'Ernest Johnson,ARZ,GB,RB,0.0,0.0,0.0,0.0,0.0,0.4,1.5,0.0,0.2,0.0,1.0,0.0,0.0
80,DJ Giddens,IND,LAC,RB,0.0,0.0,0.0,0.0,0.0,1.1,4.2,0.01,0.3,0.2,1.5,0.0,0.01
81,DJ Moore,CHI,NOR,WR,0.0,0.0,0.0,0.0,0.0,1.8,9.0,0.03,4.8,3.5,43.8,0.33,0.36
82,DK Metcalf,PIT,CIN,WR,0.0,0.0,0.0,0.0,0.0,0.0,0.0,0.0,7.1,4.61,75.29,0.61,0.61
83,Dak Prescott,DAL,WAS,QB,36.0,26.0,278.0,2.14,0.54,2.5,9.2,0.06,0.0,0.0,0.0,0.0,0.06
84,Dallas Goedert,PHI,MIN,TE,0.0,0.0,0.0,0.0,0.0,0.0,0.0,0.0,6.3,4.6,45.97,0.38,0.38
85,Dalton Schultz,HOU,SEA,TE,0.0,0.0,0.0,0.0,0.0,0.0,0.0,0.0,5.9,4.37,39.43,0.24,0.24
86,Dameon Pierce,HOU,SEA,RB,0.0,0.0,0.0,0.0,0.0,1.2,4.2,0.01,0.2,0.2,1.2,0.0,0.01
87,Daniel Bellinger,NYG,DEN,TE,0.0,0.0,0.0,0.0,0.0,0.0,0.0,0.0,1.5,1.1,8.9,0.06,0.06
88,Daniel Jones,IND,LAC,QB,31.75,22.0,242.32,1.16,0.64,4.0,20.08,0.27,0.0,0.0,0.0,0.0,0.27
89,Dare Ogunbowale,HOU,SEA,RB,0.0,0.0,0.0,0.0,0.0,0.4,1.5,0.0,0.3,0.3,2.1,0.0,0.0
90,Dareke Young,SEA,HOU,WR,0.0,0.0,0.0,0.0,0.0,0.0,0.0,0.0,0.4,0.2,4.3,0.01,0.01
91,Darius Slayton,NYG,DEN,?,0.0,0.0,0.0,0.0,0.0,0.0,0.0,0.0,0.0,0.0,0.0,0.0,0.0
92,Darnell Washington,PIT,CIN,TE,0.0,0.0,0.0,0.0,0.0,0.0,0.0,0.0,3.7,2.71,29.43,0.21,0.21
93,Darren Waller,MIA,CLE,TE,0.0,0.0,0.0,0.0,0.0,0.0,0.0,0.0,4.1,2.7,36.68,0.41,0.41
94,Davante Adams,LAR,JAX,WR,0.0,0.0,0.0,0.0,0.0,0.0,0.0,0.0,12.1,7.3,90.7,0.85,0.85
95,David Martin-Robinson,TEN,NWE,TE,0.0,0.0,0.0,0.0,0.0,0.0,0.0,0.0,0.2,0.2,1.5,0.01,0.01
96,David Montgomery,DET,TB,RB,0.0,0.0,0.0,0.0,0.0,11.01,48.16,0.66,1.5,1.38,11.07,0.02,0.68
97,David Sills,ATL,SF,WR,0.0,0.0,0.0,0.0,0.0,0.0,0.0,0.0,1.3,0.7,8.5,0.05,0.05
98,Davis Allen,LAR,JAX,TE,0.0,0.0,0.0,0.0,0.0,0.0,0.0,0.0,1.1,0.8,7.2,0.06,0.06
99,De'Von Achane,MIA,CLE,RB,0.0,0.0,0.0,0.0,0.0,16.9,74.99,0.41,5.6,4.3,31.47,0.21,0.62
100,DeMario Douglas,NWE,TEN,WR,0.0,0.0,0.0,0.0,0.0,0.1,0.3,0.0,2.9,2.0,22.2,0.18,0.18
101,DeVonta Smith,PHI,MIN,WR,0.0,0.0,0.0,0.0,0.0,0.0,0.0,0.0,6.3,4.6,55.46,0.33,0.33
102,Dee Eskridge,MIA,CLE,WR,0.0,0.0,0.0,0.0,0.0,0.0,0.0,0.0,0.5,0.3,3.4,0.02,0.02
103,Deebo Samuel,WAS,DAL,WR,0.0,0.0,0.0,0.0,0.0,1.4,8.2,0.02,7.8,6.0,65.6,0.64,0.66
104,Demarcus Robinson,SF,ATL,WR,0.0,0.0,0.0,0.0,0.0,0.0,0.0,0.0,1.5,0.9,12.4,0.06,0.06
105,Devaughn Vele,NOR,CHI,WR,0.0,0.0,0.0,0.0,0.0,0.0,0.0,0.0,1.1,0.8,6.7,0.04,0.04
106,Devin Culp,TB,DET,TE,0.0,0.0,0.0,0.0,0.0,0.0,0.0,0.0,0.3,0.2,2.2,0.01,0.01
107,Devin Singletary,NYG,DEN,RB,0.0,0.0,0.0,0.0,0.0,1.8,6.7,0.02,0.2,0.2,1.1,0.0,0.02
108,Dillon Gabriel,CLE,MIA,QB,35.0,19.0,185.85,1.26,0.57,1.2,3.1,0.01,0.0,0.0,0.0,0.0,0.01
109,Dont'e Thornton,LVR,KAN,WR,0.0,0.0,0.0,0.0,0.0,0.0,0.0,0.0,0.7,0.4,4.7,0.01,0.01
110,Dontayvion Wicks,GB,ARZ,WR,0.0,0.0,0.0,0.0,0.0,0.0,0.0,0.0,3.0,2.0,23.8,0.11,0.11
111,Drake London,ATL,SF,WR,0.0,0.0,0.0,0.0,0.0,0.0,0.0,0.0,10.6,6.9,85.29,0.46,0.46
112,Drake Maye,NWE,TEN,QB,29.0,20.0,237.83,1.5,0.41,6.9,27.49,0.15,0.0,0.0,0.0,0.0,0.15
113,Drew Sample,CIN,PIT,TE,0.0,0.0,0.0,0.0,0.0,0.0,0.0,0.0,1.7,1.3,8.7,0.06,0.06
114,Dyami Brown,JAX,LAR,WR,0.0,0.0,0.0,0.0,0.0,0.9,5.3,0.01,4.8,3.0,31.1,0.24,0.25
115,Dylan Sampson,CLE,MIA,RB,0.0,0.0,0.0,0.0,0.0,3.1,12.0,0.04,1.6,1.3,9.0,0.05,0.09
116,Elic Ayomanor,TEN,NWE,WR,0.0,0.0,0.0,0.0,0.0,0.0,0.0,0.0,5.9,3.38,41.74,0.3,0.3
117,Elijah Arroyo,SEA,HOU,TE,0.0,0.0,0.0,0.0,0.0,0.0,0.0,0.0,2.2,1.53,17.31,0.12,0.12
118,Elijah Higgins,ARZ,GB,TE,0.0,0.0,0.0,0.0,0.0,0.0,0.0,0.0,2.6,2.0,21.8,0.09,0.09
119,Emanuel Wilson,GB,ARZ,RB,0.0,0.0,0.0,0.0,0.0,3.7,16.9,0.03,1.1,0.9,6.4,0.01,0.04
120,Eric Saubert,SEA,HOU,TE,0.0,0.0,0.0,0.0,0.0,0.0,0.0,0.0,0.2,0.1,1.4,0.01,0.01
121,Evan Engram,DEN,NYG,TE,0.0,0.0,0.0,0.0,0.0,0.1,0.5,0.0,5.4,3.6,29.64,0.25,0.25
122,Feleipe Franks,ATL,SF,TE,0.0,0.0,0.0,0.0,0.0,0.3,0.6,0.0,0.0,0.0,0.0,0.0,0.0
123,Foster Moreau,NOR,CHI,TE,0.0,0.0,0.0,0.0,0.0,0.0,0.0,0.0,1.2,0.9,8.7,0.06,0.06
124,Gage Larvadain,CLE,MIA,?,0.0,0.0,0.0,0.0,0.0,0.0,0.0,0.0,0.0,0.0,0.0,0.0,0.0
125,Geno Smith,LVR,KAN,QB,31.48,21.0,217.18,0.96,1.33,3.38,13.01,0.05,0.0,0.0,0.0,0.0,0.05
126,George Kittle,SF,ATL,TE,0.0,0.0,0.0,0.0,0.0,0.0,0.0,0.0,6.0,4.3,54.3,0.51,0.51
127,George Pickens,DAL,WAS,WR,0.0,0.0,0.0,0.0,0.0,0.0,0.0,0.0,7.3,4.8,70.6,0.51,0.51
128,Greg Dortch,ARZ,GB,WR,0.0,0.0,0.0,0.0,0.0,0.3,1.5,0.0,3.7,2.7,23.8,0.13,0.13
129,Gunnar Helm,TEN,NWE,TE,0.0,0.0,0.0,0.0,0.0,0.0,0.0,0.0,2.6,1.9,19.9,0.1,0.1
130,Harold Fannin,CLE,MIA,TE,0.0,0.0,0.0,0.0,0.0,0.3,0.7,0.0,6.8,4.8,42.0,0.3,0.3
131,Harrison Bryant,HOU,SEA,TE,0.0,0.0,0.0,0.0,0.0,0.0,0.0,0.0,0.9,0.6,5.5,0.02,0.02
132,Hassan Haskins,LAC,IND,RB,0.0,0.0,0.0,0.0,0.0,4.4,16.36,0.09,0.8,0.7,5.22,0.0,0.09
133,Hunter Henry,NWE,TEN,TE,0.0,0.0,0.0,0.0,0.0,0.0,0.0,0.0,4.7,3.37,40.16,0.41,0.41
134,Hunter Long,JAX,LAR,TE,0.0,0.0,0.0,0.0,0.0,0.0,0.0,0.0,3.5,2.5,21.6,0.19,0.19
135,Hunter Luepke,DAL,WAS,RB,0.0,0.0,0.0,0.0,0.0,0.1,0.7,0.0,0.4,0.3,2.5,0.01,0.01
136,Hunter Renfrow,CAR,NYJ,WR,0.0,0.0,0.0,0.0,0.0,0.0,0.0,0.0,1.4,0.9,6.3,0.09,0.09
137,Ian Thomas,LVR,KAN,TE,0.0,0.0,0.0,0.0,0.0,0.0,0.0,0.0,1.1,0.9,7.2,0.03,0.03
138,Isaac TeSlaa,DET,TB,WR,0.0,0.0,0.0,0.0,0.0,0.0,0.0,0.0,1.1,0.6,11.7,0.09,0.09
139,Isaiah Bond,CLE,MIA,WR,0.0,0.0,0.0,0.0,0.0,0.2,1.4,0.0,5.1,2.6,29.7,0.26,0.26
140,Isaiah Davis,NYJ,CAR,RB,0.0,0.0,0.0,0.0,0.0,1.3,5.9,0.02,1.8,1.4,9.7,0.03,0.05
141,Isaiah Williams,NYJ,CAR,WR,0.0,0.0,0.0,0.0,0.0,0.0,0.0,0.0,0.1,0.1,0.9,0.0,0.0
142,Isiah Pacheco,KAN,LVR,RB,0.0,0.0,0.0,0.0,0.0,9.5,40.29,0.32,2.8,2.2,13.71,0.05,0.37
143,J.K. Dobbins,DEN,NYG,RB,0.0,0.0,0.0,0.0,0.0,14.1,71.08,0.7,1.8,1.6,9.56,0.03,0.73
144,Ja'Marr Chase,CIN,PIT,WR,0.0,0.0,0.0,0.0,0.0,0.5,2.5,0.01,11.0,7.34,79.36,0.55,0.56
145,Ja'Tavion Sanders,CAR,NYJ,TE,0.0,0.0,0.0,0.0,0.0,0.0,0.0,0.0,3.8,2.9,24.1,0.25,0.25
146,Jack Bech,LVR,KAN,WR,0.0,0.0,0.0,0.0,0.0,0.0,0.0,0.0,3.2,2.2,24.4,0.07,0.07
147,Jack Stoll,NOR,CHI,TE,0.0,0.0,0.0,0.0,0.0,0.0,0.0,0.0,0.1,0.1,0.6,0.0,0.0
148,Jacob Saylors,DET,TB,RB,0.0,0.0,0.0,0.0,0.0,0.2,1.0,0.0,0.0,0.0,0.0,0.0,0.0
149,Jacoby Brissett,ARZ,GB,QB,38.0,23.0,231.0,1.21,0.67,2.0,8.9,0.04,0.0,0.0,0.0,0.0,0.04
150,Jacory Croskey-Merritt,WAS,DAL,RB,0.0,0.0,0.0,0.0,0.0,16.1,74.62,0.81,2.0,1.7,14.0,0.06,0.87
151,Jahan Dotson,PHI,MIN,WR,0.0,0.0,0.0,0.0,0.0,0.0,0.0,0.0,1.9,1.2,13.0,0.06,0.06
152,Jahmyr Gibbs,DET,TB,RB,0.0,0.0,0.0,0.0,0.0,13.68,61.98,0.67,3.7,3.44,25.63,0.12,0.79
153,Jake Bobo,SEA,HOU,WR,0.0,0.0,0.0,0.0,0.0,0.0,0.0,0.0,0.2,0.1,1.7,0.0,0.0
154,Jake Ferguson,DAL,WAS,TE,0.0,0.0,0.0,0.0,0.0,0.0,0.0,0.0,6.5,5.4,44.5,0.46,0.46
155,Jake Tonges,SF,ATL,TE,0.0,0.0,0.0,0.0,0.0,0.0,0.0,0.0,1.0,0.8,6.6,0.05,0.05
156,Jakobi Meyers,LVR,KAN,WR,0.0,0.0,0.0,0.0,0.0,0.0,0.0,0.0,6.6,4.5,53.34,0.22,0.22
157,Jaleel McLaughlin,DEN,NYG,RB,0.0,0.0,0.0,0.0,0.0,1.1,4.4,0.02,0.7,0.6,2.9,0.01,0.03
158,Jalen Coker,CAR,NYJ,WR,0.0,0.0,0.0,0.0,0.0,0.0,0.0,0.0,4.1,2.7,31.77,0.2,0.2
159,Jalen Hurts,PHI,MIN,QB,29.0,19.0,215.81,1.26,0.26,8.1,37.46,0.66,0.0,0.0,0.0,0.0,0.66
160,Jalen Milroe,SEA,HOU,QB,0.0,0.0,0.0,0.0,0.0,1.1,1.4,0.01,0.0,0.0,0.0,0.0,0.01
161,Jalen Nailor,MIN,PHI,WR,0.0,0.0,0.0,0.0,0.0,0.4,2.2,0.0,3.2,2.1,21.2,0.19,0.19
162,Jalen Tolbert,DAL,WAS,WR,0.0,0.0,0.0,0.0,0.0,0.0,0.0,0.0,2.1,1.4,13.7,0.12,0.12
163,Jalin Hyatt,NYG,DEN,WR,0.0,0.0,0.0,0.0,0.0,0.0,0.0,0.0,3.2,1.6,18.4,0.04,0.04
164,Jamari Thrash,CLE,MIA,WR,0.0,0.0,0.0,0.0,0.0,0.0,0.0,0.0,1.8,1.1,9.7,0.07,0.07
165,James Proche,TEN,NWE,WR,0.0,0.0,0.0,0.0,0.0,0.0,0.0,0.0,0.4,0.0,2.6,0.01,0.01
166,Jameson Williams,DET,TB,WR,0.0,0.0,0.0,0.0,0.0,0.3,2.1,0.0,5.7,3.4,54.91,0.41,0.41
167,Jared Goff,DET,TB,QB,31.18,22.0,263.09,2.05,0.51,1.4,3.5,0.02,0.0,0.0,0.0,0.0,0.02
168,Jarquez Hunter,LAR,JAX,RB,0.0,0.0,0.0,0.0,0.0,2.8,11.3,0.06,0.5,0.4,3.3,0.01,0.07
169,Jauan Jennings,SF,ATL,WR,0.0,0.0,0.0,0.0,0.0,0.0,0.0,0.0,5.4,3.2,36.6,0.28,0.28
170,Javonte Williams,DAL,WAS,RB,0.0,0.0,0.0,0.0,0.0,16.5,79.4,0.68,4.4,3.8,20.6,0.18,0.86
171,Jaxon Smith-Njigba,SEA,HOU,WR,0.0,0.0,0.0,0.0,0.0,0.4,2.1,0.0,9.7,6.65,102.68,0.42,0.42
172,Jaxson Dart,NYG,DEN,QB,30.46,19.0,178.19,0.95,0.61,7.91,40.23,0.19,0.0,0.0,0.0,0.0,0.19
173,Jayden Daniels,WAS,DAL,QB,31.0,21.0,245.36,1.94,0.35,9.0,52.2,0.22,0.0,0.0,0.0,0.0,0.22
174,Jayden Higgins,HOU,SEA,WR,0.0,0.0,0.0,0.0,0.0,0.0,0.0,0.0,2.1,1.5,18.6,0.06,0.06
175,Jaydon Blue,DAL,WAS,RB,0.0,0.0,0.0,0.0,0.0,3.9,15.0,0.06,0.2,0.2,0.9,0.0,0.06
176,Jaylen Waddle,MIA,CLE,WR,0.0,0.0,0.0,0.0,0.0,0.0,0.0,0.0,7.2,4.8,66.45,0.45,0.45
177,Jaylen Warren,PIT,CIN,RB,0.0,0.0,0.0,0.0,0.0,13.24,51.82,0.47,3.6,3.13,23.99,0.16,0.63
178,Jaylin Lane,WAS,DAL,WR,0.0,0.0,0.0,0.0,0.0,0.3,1.8,0.0,2.9,1.9,24.4,0.22,0.22
179,Jaylin Noel,HOU,SEA,WR,0.0,0.0,0.0,0.0,0.0,0.5,2.1,0.0,1.6,1.2,9.3,0.04,0.04
180,Jeremy McNichols,WAS,DAL,RB,0.0,0.0,0.0,0.0,0.0,2.2,10.8,0.03,2.5,2.1,15.7,0.06,0.09
181,Jeremy Ruckert,NYJ,CAR,TE,0.0,0.0,0.0,0.0,0.0,0.0,0.0,0.0,1.7,1.3,10.7,0.08,0.08
182,Jerome Ford,CLE,MIA,RB,0.0,0.0,0.0,0.0,0.0,3.3,14.1,0.06,3.1,2.6,15.2,0.08,0.14
183,Jerry Jeudy,CLE,MIA,WR,0.0,0.0,0.0,0.0,0.0,0.0,0.0,0.0,8.1,4.0,48.59,0.41,0.41
184,Jimmy Horn,CAR,NYJ,WR,0.0,0.0,0.0,0.0,0.0,1.1,7.2,0.01,0.5,0.3,4.0,0.01,0.02
185,Joe Flacco,CIN,PIT,QB,40.32,26.0,233.01,1.5,1.25,0.9,2.27,0.05,0.0,0.0,0.0,0.0,0.05
186,John Bates,WAS,DAL,TE,0.0,0.0,0.0,0.0,0.0,0.0,0.0,0.0,0.9,0.8,7.0,0.05,0.05
187,John FitzPatrick,GB,ARZ,TE,0.0,0.0,0.0,0.0,0.0,0.0,0.0,0.0,0.6,0.5,4.2,0.07,0.07
188,John Metchie,PHI,MIN,WR,0.0,0.0,0.0,0.0,0.0,0.0,0.0,0.0,0.2,0.2,1.5,0.0,0.0
189,Johnny Mundt,JAX,LAR,TE,0.0,0.0,0.0,0.0,0.0,0.0,0.0,0.0,1.6,1.2,10.7,0.05,0.05
190,Jonathan Taylor,IND,LAC,RB,0.0,0.0,0.0,0.0,0.0,19.5,96.14,1.03,4.3,3.7,24.37,0.09,1.12
191,Jonnu Smith,PIT,CIN,TE,0.0,0.0,0.0,0.0,0.0,0.2,1.1,0.0,4.1,3.48,31.26,0.32,0.32
192,Jordan Addison,MIN,PHI,WR,0.0,0.0,0.0,0.0,0.0,0.0,0.0,0.0,5.7,3.6,53.6,0.35,0.35
193,Jordan Love,GB,ARZ,QB,31.0,21.0,251.04,1.63,0.5,4.0,16.7,0.09,0.0,0.0,0.0,0.0,0.09
194,Jordan Mason,MIN,PHI,RB,0.0,0.0,0.0,0.0,0.0,15.7,69.95,0.6,2.5,2.1,12.1,0.05,0.65
195,Jordan Whittington,LAR,JAX,WR,0.0,0.0,0.0,0.0,0.0,0.4,2.2,0.0,5.6,4.1,47.6,0.2,0.2
196,Josh Downs,IND,LAC,WR,0.0,0.0,0.0,0.0,0.0,0.0,0.0,0.0,5.8,4.1,39.7,0.21,0.21
197,Josh Jacobs,GB,ARZ,RB,0.0,0.0,0.0,0.0,0.0,19.8,75.89,1.04,4.2,3.7,31.0,0.06,1.1
198,Josh Oliver,MIN,PHI,TE,0.0,0.0,0.0,0.0,0.0,0.0,0.0,0.0,1.0,0.7,6.8,0.08,0.08
199,Josh Reynolds,NYJ,CAR,WR,0.0,0.0,0.0,0.0,0.0,0.0,0.0,0.0,5.4,3.4,38.8,0.29,0.29
200,Josh Williams,TB,DET,RB,0.0,0.0,0.0,0.0,0.0,0.2,0.9,0.0,0.0,0.0,0.0,0.0,0.0
201,Josiah Deguara,ARZ,GB,TE,0.0,0.0,0.0,0.0,0.0,0.0,0.0,0.0,0.2,0.2,1.3,0.0,0.0
202,JuJu Smith-Schuster,KAN,LVR,WR,0.0,0.0,0.0,0.0,0.0,0.0,0.0,0.0,0.9,0.8,9.0,0.06,0.06
203,Julian Hill,MIA,CLE,TE,0.0,0.0,0.0,0.0,0.0,0.0,0.0,0.0,2.2,1.5,14.8,0.07,0.07
204,Julius Chestnut,TEN,NWE,RB,0.0,0.0,0.0,0.0,0.0,0.4,1.4,0.01,0.1,0.1,0.5,0.0,0.01
205,Justin Fields,NYJ,CAR,QB,29.0,18.0,184.41,1.1,0.58,7.72,47.65,0.3,0.0,0.0,0.0,0.0,0.3
206,Justin Herbert,LAC,IND,QB,37.51,26.0,273.92,1.85,0.75,3.82,17.74,0.06,0.0,0.0,0.0,0.0,0.06
207,Justin Jefferson,MIN,PHI,WR,0.0,0.0,0.0,0.0,0.0,0.2,0.9,0.0,9.1,5.9,88.07,0.44,0.44
208,Juwan Johnson,NOR,CHI,TE,0.0,0.0,0.0,0.0,0.0,0.0,0.0,0.0,3.8,2.9,24.6,0.16,0.16
209,KaVontae Turpin,DAL,WAS,WR,0.0,0.0,0.0,0.0,0.0,1.3,7.8,0.01,3.1,2.2,27.8,0.21,0.22
210,Kaden Davis,CLE,MIA,WR,0.0,0.0,0.0,0.0,0.0,0.0,0.0,0.0,0.3,0.2,1.8,0.01,0.01
211,Kaleb Johnson,PIT,CIN,RB,0.0,0.0,0.0,0.0,0.0,6.1,21.98,0.16,0.2,0.1,0.8,0.0,0.16
212,Kalif Raymond,DET,TB,WR,0.0,0.0,0.0,0.0,0.0,0.1,0.6,0.0,1.0,0.7,8.5,0.04,0.04
213,Kameron Johnson,TB,DET,WR,0.0,0.0,0.0,0.0,0.0,0.1,0.6,0.0,5.4,3.6,51.0,0.29,0.29
214,Kareem Hunt,KAN,LVR,RB,0.0,0.0,0.0,0.0,0.0,8.7,31.65,0.59,1.0,0.8,5.44,0.01,0.6
215,Kayshon Boutte,NWE,TEN,WR,0.0,0.0,0.0,0.0,0.0,0.0,0.0,0.0,3.7,2.7,40.65,0.28,0.28
216,KeAndre Lambert-Smith,LAC,IND,WR,0.0,0.0,0.0,0.0,0.0,0.0,0.0,0.0,0.6,0.3,4.2,0.02,0.02
217,Keenan Allen,LAC,IND,WR,0.0,0.0,0.0,0.0,0.0,0.0,0.0,0.0,8.3,5.9,57.4,0.5,0.5
218,Kendre Miller,NOR,CHI,RB,0.0,0.0,0.0,0.0,0.0,8.6,37.0,0.12,1.1,1.0,6.3,0.02,0.14
219,Kendrick Bourne,SF,ATL,WR,0.0,0.0,0.0,0.0,0.0,0.0,0.0,0.0,5.0,3.4,49.1,0.2,0.2
220,Kene Nwangwu,NYJ,CAR,RB,0.0,0.0,0.0,0.0,0.0,0.2,0.8,0.0,0.0,0.0,0.0,0.0,0.0
221,Kenneth Gainwell,PIT,CIN,RB,0.0,0.0,0.0,0.0,0.0,6.33,26.48,0.2,4.3,3.65,23.9,0.13,0.33
222,Kenneth Walker,SEA,HOU,RB,0.0,0.0,0.0,0.0,0.0,12.4,55.67,0.42,1.5,1.39,10.19,0.01,0.43
223,Kimani Vidal,LAC,IND,RB,0.0,0.0,0.0,0.0,0.0,14.49,63.58,0.48,3.6,2.88,18.66,0.1,0.58
224,Konata Mumpfield,LAR,JAX,WR,0.0,0.0,0.0,0.0,0.0,0.0,0.0,0.0,1.0,0.6,7.0,0.02,0.02
225,Kyle Juszczyk,SF,ATL,RB,0.0,0.0,0.0,0.0,0.0,0.1,0.4,0.01,1.4,1.2,9.8,0.07,0.08
226,Kyle Monangai,CHI,NOR,RB,0.0,0.0,0.0,0.0,0.0,4.9,17.3,0.1,1.0,0.8,6.5,0.03,0.13
227,Kyle Pitts,ATL,SF,TE,0.0,0.0,0.0,0.0,0.0,0.0,0.0,0.0,5.6,4.3,45.24,0.23,0.23
228,Kyle Williams,NWE,TEN,WR,0.0,0.0,0.0,0.0,0.0,0.2,0.5,0.0,0.8,0.5,6.7,0.03,0.03
229,Kylen Granson,PHI,MIN,TE,0.0,0.0,0.0,0.0,0.0,0.0,0.0,0.0,0.5,0.4,3.0,0.01,0.01
230,Kyren Williams,LAR,JAX,RB,0.0,0.0,0.0,0.0,0.0,17.51,75.82,0.53,4.3,3.4,28.6,0.15,0.68
231,Ladd McConkey,LAC,IND,WR,0.0,0.0,0.0,0.0,0.0,0.0,0.0,0.0,7.4,5.0,59.72,0.38,0.38
232,LeQuint Allen,JAX,LAR,RB,0.0,0.0,0.0,0.0,0.0,0.8,3.3,0.01,1.3,1.0,7.3,0.02,0.03
233,Lil'Jordan Humphrey,NYG,DEN,WR,0.0,0.0,0.0,0.0,0.0,0.0,0.0,0.0,4.9,3.0,34.2,0.19,0.19
234,Luke Farrell,SF,ATL,TE,0.0,0.0,0.0,0.0,0.0,0.0,0.0,0.0,0.2,0.1,1.3,0.01,0.01
235,Luke McCaffrey,WAS,DAL,WR,0.0,0.0,0.0,0.0,0.0,0.0,0.0,0.0,2.6,1.7,25.9,0.19,0.19
236,Luke Musgrave,GB,ARZ,TE,0.0,0.0,0.0,0.0,0.0,0.0,0.0,0.0,1.2,0.9,10.1,0.04,0.04
237,Luke Schoonmaker,DAL,WAS,TE,0.0,0.0,0.0,0.0,0.0,0.0,0.0,0.0,0.8,0.6,4.9,0.03,0.03
238,Luther Burden,CHI,NOR,WR,0.0,0.0,0.0,0.0,0.0,0.2,1.1,0.0,2.6,1.9,24.6,0.16,0.16
239,Mack Hollins,NWE,TEN,WR,0.0,0.0,0.0,0.0,0.0,0.0,0.0,0.0,2.2,1.5,18.5,0.17,0.17
240,Malachi Corley,CLE,MIA,WR,0.0,0.0,0.0,0.0,0.0,0.4,3.2,0.0,0.4,0.2,1.9,0.01,0.01
241,Malik Heath,GB,ARZ,WR,0.0,0.0,0.0,0.0,0.0,0.0,0.0,0.0,1.2,0.7,9.4,0.04,0.04
242,Malik Washington,MIA,CLE,WR,0.0,0.0,0.0,0.0,0.0,1.7,10.0,0.04,4.2,2.9,24.7,0.15,0.19
243,Marquez Valdes-Scantling,SF,ATL,WR,0.0,0.0,0.0,0.0,0.0,0.0,0.0,0.0,0.2,0.1,1.2,0.0,0.0
244,Marquise Brown,KAN,LVR,WR,0.0,0.0,0.0,0.0,0.0,0.0,0.0,0.0,2.9,2.1,22.3,0.2,0.2
245,Marvin Mims,DEN,NYG,WR,0.0,0.0,0.0,0.0,0.0,0.5,3.6,0.01,4.2,2.8,30.4,0.19,0.2
246,Mason Taylor,NYJ,CAR,TE,0.0,0.0,0.0,0.0,0.0,0.0,0.0,0.0,5.8,4.18,43.26,0.32,0.32
247,Mason Tipton,NOR,CHI,WR,0.0,0.0,0.0,0.0,0.0,0.0,0.0,0.0,0.0,0.0,0.3,0.0,0.0
248,Matthew Golden,GB,ARZ,WR,0.0,0.0,0.0,0.0,0.0,1.7,10.2,0.01,4.7,3.0,49.0,0.29,0.3
249,Matthew Stafford,LAR,JAX,QB,36.62,24.0,263.17,1.73,0.59,2.5,1.8,0.07,0.0,0.0,0.0,0.0,0.07
250,Michael Carter,ARZ,GB,RB,0.0,0.0,0.0,0.0,0.0,9.5,33.3,0.25,4.1,3.3,23.0,0.07,0.32
251,Michael Mayer,LVR,KAN,TE,0.0,0.0,0.0,0.0,0.0,0.0,0.0,0.0,6.1,4.6,43.1,0.25,0.25
252,Michael Penix Jr.,ATL,SF,QB,33.0,21.0,232.47,1.17,0.55,2.9,8.98,0.05,0.0,0.0,0.0,0.0,0.05
253,Michael Pittman Jr.,IND,LAC,WR,0.0,0.0,0.0,0.0,0.0,0.0,0.0,0.0,6.5,4.5,50.11,0.26,0.26
254,Michael Wilson,ARZ,GB,WR,0.0,0.0,0.0,0.0,0.0,0.0,0.0,0.0,5.3,3.1,38.2,0.24,0.24
255,Mitchell Evans,CAR,NYJ,TE,0.0,0.0,0.0,0.0,0.0,0.0,0.0,0.0,0.4,0.3,2.7,0.03,0.03
256,Mitchell Tinsley,CIN,PIT,WR,0.0,0.0,0.0,0.0,0.0,0.0,0.0,0.0,0.9,0.6,5.3,0.04,0.04
257,Mo Alie-Cox,IND,LAC,TE,0.0,0.0,0.0,0.0,0.0,0.0,0.0,0.0,0.7,0.5,5.8,0.02,0.02
258,Myles Price,MIN,PHI,WR,0.0,0.0,0.0,0.0,0.0,0.0,0.0,0.0,0.0,0.0,0.3,0.0,0.0
259,Nate Adkins,DEN,NYG,TE,0.0,0.0,0.0,0.0,0.0,0.0,0.0,0.0,1.0,0.7,6.1,0.07,0.07
260,Nick Chubb,HOU,SEA,RB,0.0,0.0,0.0,0.0,0.0,10.9,44.86,0.26,1.7,1.44,9.86,0.02,0.28
261,Nick Vannett,MIN,PHI,TE,0.0,0.0,0.0,0.0,0.0,0.0,0.0,0.0,0.1,0.1,0.5,0.0,0.0
262,Nick Westbrook,MIA,CLE,WR,0.0,0.0,0.0,0.0,0.0,0.0,0.0,0.0,1.3,0.8,9.2,0.04,0.04
263,Nico Collins,HOU,SEA,WR,0.0,0.0,0.0,0.0,0.0,0.3,1.9,0.0,8.5,5.41,70.39,0.41,0.41
264,Noah Fant,CIN,PIT,TE,0.0,0.0,0.0,0.0,0.0,0.0,0.0,0.0,4.8,3.59,27.76,0.19,0.19
265,Noah Gray,KAN,LVR,TE,0.0,0.0,0.0,0.0,0.0,0.0,0.0,0.0,1.8,1.34,13.92,0.09,0.09
266,Nyheim Hines,LAC,IND,RB,0.0,0.0,0.0,0.0,0.0,0.2,0.6,0.0,0.2,0.2,1.1,0.0,0.0
267,Olamide Zaccheaus,CHI,NOR,WR,0.0,0.0,0.0,0.0,0.0,0.6,4.0,0.0,4.8,3.2,31.7,0.23,0.23
268,Ollie Gordon,MIA,CLE,RB,0.0,0.0,0.0,0.0,0.0,4.0,14.09,0.07,0.6,0.4,2.8,0.0,0.07
269,Oronde Gadsden,LAC,IND,TE,0.0,0.0,0.0,0.0,0.0,0.0,0.0,0.0,4.9,3.5,36.45,0.26,0.26
270,Parker Washington,JAX,LAR,WR,0.0,0.0,0.0,0.0,0.0,0.1,0.6,0.0,3.8,2.3,23.9,0.14,0.14
271,Pat Bryant,DEN,NYG,WR,0.0,0.0,0.0,0.0,0.0,0.0,0.0,0.0,1.6,1.1,12.8,0.09,0.09
272,Pat Freiermuth,PIT,CIN,TE,0.0,0.0,0.0,0.0,0.0,0.0,0.0,0.0,1.8,1.45,15.1,0.11,0.11
273,Patrick Mahomes,KAN,LVR,QB,36.0,24.0,262.0,2.03,0.47,6.4,32.5,0.14,0.0,0.0,0.0,0.0,0.14
274,Payne Durham,TB,DET,TE,0.0,0.0,0.0,0.0,0.0,0.0,0.0,0.0,0.2,0.1,1.3,0.01,0.01
275,Quentin Johnston,LAC,IND,WR,0.0,0.0,0.0,0.0,0.0,0.3,1.4,0.0,8.4,5.6,73.5,0.56,0.56
276,Quinshon Judkins,CLE,MIA,RB,0.0,0.0,0.0,0.0,0.0,19.2,89.1,0.55,1.9,1.5,10.8,0.05,0.6
277,RJ Harvey,DEN,NYG,RB,0.0,0.0,0.0,0.0,0.0,4.8,24.0,0.16,3.9,3.4,22.8,0.13,0.29
278,Rachaad White,TB,DET,RB,0.0,0.0,0.0,0.0,0.0,15.34,61.1,0.74,4.8,4.2,28.98,0.13,0.87
279,Raheem Mostert,LVR,KAN,RB,0.0,0.0,0.0,0.0,0.0,3.6,14.8,0.06,0.8,0.6,4.8,0.02,0.08
280,Rashee Rice,KAN,LVR,WR,0.0,0.0,0.0,0.0,0.0,0.0,0.0,0.0,8.3,5.9,65.01,0.54,0.54
281,Rashid Shaheed,NOR,CHI,WR,0.0,0.0,0.0,0.0,0.0,0.3,1.4,0.0,5.7,3.9,49.9,0.39,0.39
282,Ray-Ray McCloud,ATL,SF,WR,0.0,0.0,0.0,0.0,0.0,0.0,0.0,0.0,2.1,1.2,15.4,0.08,0.08
283,Rhamondre Stevenson,NWE,TEN,RB,0.0,0.0,0.0,0.0,0.0,13.17,48.28,0.67,2.7,2.3,16.74,0.04,0.71
284,Ricky Pearsall,SF,ATL,WR,0.0,0.0,0.0,0.0,0.0,0.0,0.0,0.0,5.6,3.4,52.5,0.29,0.29
285,Rico Dowdle,CAR,NYJ,RB,0.0,0.0,0.0,0.0,0.0,13.6,61.97,0.33,3.3,2.6,19.6,0.11,0.44
286,Roman Wilson,PIT,CIN,WR,0.0,0.0,0.0,0.0,0.0,0.0,0.0,0.0,1.1,0.76,9.48,0.06,0.06
287,Rome Odunze,CHI,NOR,WR,0.0,0.0,0.0,0.0,0.0,0.0,0.0,0.0,6.7,4.0,60.15,0.67,0.67
288,Romeo Doubs,GB,ARZ,WR,0.0,0.0,0.0,0.0,0.0,0.0,0.0,0.0,6.4,4.2,55.1,0.56,0.56
289,Roschon Johnson,CHI,NOR,RB,0.0,0.0,0.0,0.0,0.0,1.0,3.8,0.01,0.2,0.2,1.3,0.0,0.01
290,Ryan Flournoy,DAL,WAS,WR,0.0,0.0,0.0,0.0,0.0,0.3,1.9,0.0,0.4,0.3,3.1,0.01,0.01
291,Ryan Miller,TB,DET,WR,0.0,0.0,0.0,0.0,0.0,0.0,0.0,0.0,1.4,0.8,10.3,0.07,0.07
292,Sal Cannella,CLE,MIA,TE,0.0,0.0,0.0,0.0,0.0,0.0,0.0,0.0,0.5,0.3,2.6,0.01,0.01
293,Sam Darnold,SEA,HOU,QB,29.27,19.0,241.73,1.22,0.65,1.4,5.7,0.01,0.0,0.0,0.0,0.0,0.01
294,Sam LaPorta,DET,TB,TE,0.0,0.0,0.0,0.0,0.0,0.0,0.0,0.0,5.9,4.69,54.28,0.47,0.47
295,Samaje Perine,CIN,PIT,RB,0.0,0.0,0.0,0.0,0.0,4.6,19.61,0.1,1.8,1.47,9.45,0.03,0.13
296,Saquon Barkley,PHI,MIN,RB,0.0,0.0,0.0,0.0,0.0,16.9,70.01,0.58,3.4,2.8,19.9,0.11,0.69
297,Savion Williams,GB,ARZ,WR,0.0,0.0,0.0,0.0,0.0,1.2,6.4,0.01,0.9,0.8,5.9,0.03,0.04
298,Scotty Miller,PIT,CIN,WR,0.0,0.0,0.0,0.0,0.0,0.0,0.0,0.0,1.7,1.07,14.28,0.14,0.14
299,Sean Tucker,TB,DET,RB,0.0,0.0,0.0,0.0,0.0,5.2,21.5,0.09,1.0,0.8,6.0,0.01,0.1
300,Simi Fehoko,ARZ,GB,WR,0.0,0.0,0.0,0.0,0.0,0.0,0.0,0.0,0.5,0.3,3.1,0.01,0.01
301,Spencer Rattler,NOR,CHI,QB,32.68,22.0,202.42,1.38,0.54,4.45,24.49,0.05,0.3,0.2,2.3,0.01,0.06
302,Stefon Diggs,NWE,TEN,WR,0.0,0.0,0.0,0.0,0.0,0.0,0.0,0.0,5.9,4.66,62.51,0.27,0.27
303,Sterling Shepard,TB,DET,WR,0.0,0.0,0.0,0.0,0.0,0.3,1.3,0.0,5.6,3.7,49.0,0.27,0.27
304,Stone Smartt,NYJ,CAR,TE,0.0,0.0,0.0,0.0,0.0,0.0,0.0,0.0,0.1,0.1,0.4,0.0,0.0
305,T.J. Hockenson,MIN,PHI,TE,0.0,0.0,0.0,0.0,0.0,0.0,0.0,0.0,5.3,3.9,35.46,0.23,0.23
306,Tahj Brooks,CIN,PIT,RB,0.0,0.0,0.0,0.0,0.0,0.7,2.5,0.01,0.0,0.0,0.0,0.0,0.01
307,Tai Felton,MIN,PHI,WR,0.0,0.0,0.0,0.0,0.0,0.0,0.0,0.0,0.1,0.0,0.4,0.0,0.0
308,Tanner Conner,MIA,CLE,TE,0.0,0.0,0.0,0.0,0.0,0.0,0.0,0.0,0.5,0.4,3.9,0.02,0.02
309,Taysom Hill,NOR,CHI,TE,1.0,0.0,6.0,0.02,0.02,2.7,12.6,0.23,0.8,0.6,5.0,0.04,0.27
310,Tee Higgins,CIN,PIT,WR,0.0,0.0,0.0,0.0,0.0,0.0,0.0,0.0,7.4,4.25,49.61,0.49,0.49
311,Terrance Ferguson,LAR,JAX,TE,0.0,0.0,0.0,0.0,0.0,0.0,0.0,0.0,1.4,1.0,10.5,0.06,0.06
312,Terrell Jennings,NWE,TEN,RB,0.0,0.0,0.0,0.0,0.0,0.3,1.0,0.0,0.0,0.0,0.0,0.0,0.0
313,Tetairoa McMillan,CAR,NYJ,WR,0.0,0.0,0.0,0.0,0.0,0.0,0.0,0.0,7.4,4.45,58.84,0.43,0.43
314,Tez Johnson,TB,DET,WR,0.0,0.0,0.0,0.0,0.0,0.3,1.5,0.0,5.9,3.6,54.1,0.33,0.33
315,Theo Johnson,NYG,DEN,TE,0.0,0.0,0.0,0.0,0.0,0.0,0.0,0.0,5.2,3.29,27.68,0.27,0.27
316,Tim Patrick,JAX,LAR,WR,0.0,0.0,0.0,0.0,0.0,0.0,0.0,0.0,0.9,0.6,7.7,0.05,0.05
317,Tommy Tremble,CAR,NYJ,TE,0.0,0.0,0.0,0.0,0.0,0.0,0.0,0.0,2.8,2.2,14.51,0.18,0.18
318,Tony Pollard,TEN,NWE,RB,0.0,0.0,0.0,0.0,0.0,12.6,50.07,0.33,1.8,1.5,9.93,0.03,0.36
319,Tory Horton,SEA,HOU,WR,0.0,0.0,0.0,0.0,0.0,0.0,0.0,0.0,2.7,1.75,22.65,0.13,0.13
320,Travis Etienne,JAX,LAR,RB,0.0,0.0,0.0,0.0,0.0,15.22,67.13,0.28,3.2,2.5,14.3,0.12,0.4
321,Travis Hunter,JAX,LAR,WR,0.0,0.0,0.0,0.0,0.0,0.0,0.0,0.0,6.2,3.82,39.9,0.24,0.24
322,Travis Kelce,KAN,LVR,TE,0.0,0.0,0.0,0.0,0.0,0.0,0.0,0.0,6.2,4.43,48.04,0.41,0.41
323,Tre Harris,LAC,IND,WR,0.0,0.0,0.0,0.0,0.0,0.0,0.0,0.0,1.4,1.0,10.6,0.04,0.04
324,Tre Tucker,LVR,KAN,WR,0.0,0.0,0.0,0.0,0.0,0.7,3.9,0.01,6.1,4.2,54.31,0.3,0.31
325,TreVeyon Henderson,NWE,TEN,RB,0.0,0.0,0.0,0.0,0.0,9.71,38.26,0.3,2.8,2.39,17.26,0.05,0.35
326,Trent Sherfield,DEN,NYG,WR,0.0,0.0,0.0,0.0,0.0,0.0,0.0,0.0,0.4,0.3,2.7,0.02,0.02
327,Trevor Etienne,CAR,NYJ,RB,0.0,0.0,0.0,0.0,0.0,1.2,5.5,0.01,0.1,0.1,0.4,0.0,0.01
328,Trevor Lawrence,JAX,LAR,QB,36.77,23.0,233.22,1.39,0.82,4.48,19.0,0.22,0.0,0.0,0.0,0.0,0.22
329,Trey McBride,ARZ,GB,TE,0.0,0.0,0.0,0.0,0.0,0.0,0.0,0.0,9.6,7.0,71.66,0.43,0.43
330,Troy Franklin,DEN,NYG,WR,0.0,0.0,0.0,0.0,0.0,0.4,2.2,0.0,5.9,3.81,44.86,0.29,0.29
331,Tua Tagovailoa,MIA,CLE,QB,29.0,18.0,187.58,1.27,0.84,1.3,5.2,0.02,0.0,0.0,0.0,0.0,0.02
332,Tucker Fisk,LAC,IND,TE,0.0,0.0,0.0,0.0,0.0,0.0,0.0,0.0,0.3,0.2,2.1,0.01,0.01
333,Tucker Kraft,GB,ARZ,TE,0.0,0.0,0.0,0.0,0.0,0.2,0.3,0.0,4.6,3.8,50.86,0.38,0.38
334,Tutu Atwell,LAR,JAX,WR,0.0,0.0,0.0,0.0,0.0,0.0,0.0,0.0,3.2,1.8,30.7,0.16,0.16
335,Tyjae Spears,TEN,NWE,RB,0.0,0.0,0.0,0.0,0.0,6.6,27.6,0.16,2.5,2.1,14.1,0.04,0.2
336,Tyler Allgeier,ATL,SF,RB,0.0,0.0,0.0,0.0,0.0,9.9,39.6,0.39,1.0,0.7,5.6,0.01,0.4
337,Tyler Conklin,LAC,IND,TE,0.0,0.0,0.0,0.0,0.0,0.0,0.0,0.0,0.1,0.1,0.9,0.0,0.0
338,Tyler Higbee,LAR,JAX,TE,0.0,0.0,0.0,0.0,0.0,0.0,0.0,0.0,4.3,3.2,30.6,0.22,0.22
339,Tyler Johnson,NYJ,CAR,WR,0.0,0.0,0.0,0.0,0.0,0.0,0.0,0.0,1.9,1.2,14.8,0.07,0.07
340,Tyler Lockett,TEN,NWE,WR,0.0,0.0,0.0,0.0,0.0,0.0,0.0,0.0,2.5,1.4,12.0,0.05,0.05
341,Tyler Warren,IND,LAC,TE,0.0,0.0,0.0,0.0,0.0,0.5,1.1,0.05,6.7,4.9,60.14,0.3,0.35
342,Tyquan Thornton,KAN,LVR,WR,0.0,0.0,0.0,0.0,0.0,0.0,0.0,0.0,1.0,0.6,10.1,0.08,0.08
343,Tyrone Tracy,NYG,DEN,RB,0.0,0.0,0.0,0.0,0.0,5.1,19.1,0.05,1.3,1.1,7.3,0.02,0.07
344,Van Jefferson,TEN,NWE,WR,0.0,0.0,0.0,0.0,0.0,0.0,0.0,0.0,4.5,2.8,31.4,0.14,0.14
345,Wan'Dale Robinson,NYG,DEN,WR,0.0,0.0,0.0,0.0,0.0,0.1,0.6,0.0,8.1,5.24,51.52,0.35,0.35
346,Will Dissly,LAC,IND,TE,0.0,0.0,0.0,0.0,0.0,0.0,0.0,0.0,0.9,0.7,6.9,0.03,0.03
347,Will Shipley,PHI,MIN,RB,0.0,0.0,0.0,0.0,0.0,1.3,5.7,0.02,0.4,0.3,1.9,0.0,0.02
348,Woody Marks,HOU,SEA,RB,0.0,0.0,0.0,0.0,0.0,8.1,30.2,0.12,2.4,1.96,15.07,0.06,0.18
349,Xavier Hutchinson,HOU,SEA,WR,0.0,0.0,0.0,0.0,0.0,0.2,0.8,0.0,3.2,2.4,22.5,0.14,0.14
350,Xavier Legette,CAR,NYJ,WR,0.0,0.0,0.0,0.0,0.0,0.2,0.7,0.0,3.9,2.4,24.6,0.24,0.24
351,Xavier Smith,LAR,JAX,WR,0.0,0.0,0.0,0.0,0.0,0.0,0.0,0.0,0.9,0.7,6.7,0.02,0.02
352,Xavier Weaver,ARZ,GB,WR,0.0,0.0,0.0,0.0,0.0,0.0,0.0,0.0,0.3,0.2,1.8,0.0,0.0
353,Xavier Worthy,KAN,LVR,WR,0.0,0.0,0.0,0.0,0.0,1.3,7.6,0.02,6.2,4.0,53.76,0.51,0.53
354,Zach Charbonnet,SEA,HOU,RB,0.0,0.0,0.0,0.0,0.0,12.5,47.67,0.64,1.2,1.15,8.34,0.01,0.65
355,Zach Ertz,WAS,DAL,TE,0.0,0.0,0.0,0.0,0.0,0.0,0.0,0.0,5.3,4.0,41.2,0.38,0.38
356,Zamir White,LVR,KAN,RB,0.0,0.0,0.0,0.0,0.0,0.6,2.2,0.01,0.1,0.1,0.3,0.0,0.01
357,Zavier Scott,MIN,PHI,RB,0.0,0.0,0.0,0.0,0.0,5.6,21.8,0.09,1.6,1.4,10.6,0.04,0.13
358,Zay Jones,ARZ,GB,WR,0.0,0.0,0.0,0.0,0.0,0.0,0.0,0.0,5.1,3.3,35.6,0.22,0.22
