,Player,Team,Pos,Pass Comp,Pass Att,Pass Yards,Pass TD,Int,Rush Att,Rush Yards,Rush TD,Rec,Rec Yards,Rec TD
0,Joe Burrow,CIN,QB,388.67,563.33,4279.67,30.63,10.03,37.93,154.13,1.73,0.0,0.0,0.0
1,Dak Prescott,DAL,QB,357.67,536.67,3924.33,26.63,13.4,36.13,139.87,1.43,0.0,0.0,0.0
2,Patrick Mahomes,KAN,QB,352.67,532.33,3762.67,25.53,10.17,57.13,299.6,1.63,0.0,0.0,0.0
3,J.J. McCarthy,MIN,QB,338.67,523.0,3829.67,23.8,12.73,63.2,257.33,,0.0,0.0,0.0
4,Trevor Lawrence,JAX,QB,336.0,512.0,3786.67,22.6,12.9,51.2,234.07,1.97,0.0,0.0,0.0
5,Jared Goff,DET,QB,343.67,504.67,3944.33,24.3,9.63,29.07,65.87,0.8,0.0,0.0,0.0
6,C.J. Stroud,HOU,QB,321.67,500.33,3800.67,21.5,9.77,48.4,243.87,1.57,0.0,0.0,0.0
7,Geno Smith,LVR,QB,343.67,500.33,3708.67,19.63,10.07,61.67,216.6,1.6,0.0,0.0,0.0
8,Kyler Murray,ARZ,QB,330.0,496.0,3569.67,21.87,9.9,65.0,404.53,2.33,0.0,0.0,0.0
9,Jayden Daniels,WAS,QB,326.33,488.67,3536.67,23.33,8.7,140.8,824.67,5.5,0.0,0.0,0.0
10,Caleb Williams,CHI,QB,309.67,488.67,3352.33,21.6,9.3,65.73,360.27,1.8,0.0,0.0,0.0
11,Baker Mayfield,TB,QB,328.33,488.33,3724.33,25.23,11.97,52.47,245.07,1.43,0.0,0.0,0.0
12,Jordan Love,GB,QB,314.0,487.67,3705.0,25.23,11.53,40.93,177.6,1.47,0.0,0.0,0.0
13,Bryce Young,CAR,QB,303.0,485.67,3156.0,20.27,9.7,51.93,291.87,1.63,0.0,0.0,0.0
14,Bo Nix,DEN,QB,316.33,485.0,3291.0,22.7,9.67,75.53,373.47,2.73,0.0,0.0,0.0
15,Tua Tagovailoa,MIA,QB,336.0,484.67,3595.67,21.8,10.3,25.2,68.2,0.5,0.0,0.0,0.0
16,Justin Herbert,LAC,QB,316.67,482.67,3612.67,21.63,8.07,61.53,250.13,1.97,0.0,0.0,0.0
17,Sam Darnold,SEA,QB,309.67,481.67,3464.0,20.1,10.63,49.27,203.47,1.27,0.0,0.0,0.0
18,Michael Penix Jr.,ATL,QB,307.67,479.33,3648.33,20.93,11.83,37.8,122.13,1.9,0.0,0.0,0.0
19,Cameron Ward,TEN,QB,300.33,476.33,3303.67,19.57,11.23,58.0,258.0,1.17,0.0,0.0,0.0
20,Aaron Rodgers,PIT,QB,305.0,475.67,3366.67,22.63,10.0,21.47,79.73,0.37,0.0,0.0,0.0
21,Brock Purdy,SF,QB,309.67,466.67,3840.0,22.57,11.2,65.6,335.67,2.77,0.0,0.0,0.0
22,Josh Allen,BUF,QB,292.67,457.33,3324.67,24.77,6.87,102.93,516.2,8.0,0.0,0.0,0.0
23,Matthew Stafford,LAR,QB,299.0,454.67,3329.0,21.17,9.43,26.13,36.93,0.8,0.0,0.0,0.0
24,Drake Maye,NWE,QB,298.67,453.0,3217.33,20.23,10.7,88.2,511.13,2.47,0.0,0.0,0.0
25,Justin Fields,NYJ,QB,273.67,437.67,2948.0,15.67,10.1,118.93,676.93,4.73,0.0,0.0,0.0
26,Jalen Hurts,PHI,QB,280.0,429.33,3275.0,19.87,7.37,131.13,621.73,9.63,0.0,0.0,0.0
27,Lamar Jackson,BAL,QB,273.33,413.67,3459.67,22.93,5.87,127.87,779.13,3.5,0.0,0.0,0.0
28,Daniel Jones,IND,QB,258.0,406.33,2745.0,14.23,9.1,74.2,368.4,2.63,0.0,0.0,0.0
29,Tyler Shough,NOR,QB,211.33,355.67,2322.33,12.93,9.13,40.73,174.2,0.7,0.0,0.0,0.0
30,Jaxson Dart,NYG,QB,192.67,306.67,2115.67,11.83,7.2,49.53,258.6,1.53,0.0,0.0,0.0
31,Joe Flacco,CLE,QB,168.0,264.33,1781.67,9.83,6.4,8.93,20.4,0.13,0.0,0.0,0.0
32,Russell Wilson,NYG,QB,139.0,222.33,1476.67,8.53,4.67,23.73,100.0,0.53,0.0,0.0,0.0
33,Dillon Gabriel,CLE,QB,118.0,189.33,1208.0,6.33,4.93,18.13,81.67,0.3,0.0,0.0,0.0
34,Spencer Rattler,NOR,QB,110.33,186.33,1162.67,6.0,4.33,17.07,93.33,0.3,0.0,0.0,0.0
35,Kenny Pickett,CLE,QB,94.0,159.0,966.0,5.2,4.9,13.0,41.0,0.3,0.0,0.0,0.0
36,Shedeur Sanders,CLE,QB,87.0,134.0,881.0,4.5,3.0,16.0,81.5,0.3,0.0,0.0,0.0
37,Anthony Richardson,IND,QB,73.67,133.33,901.0,4.93,4.2,31.53,170.27,1.5,0.0,0.0,0.0
38,Jimmy Garoppolo,LAR,QB,70.67,108.67,771.0,4.83,2.7,7.33,16.2,0.17,0.0,0.0,0.0
39,Zach Wilson,MIA,QB,64.0,104.67,659.67,3.63,2.5,8.67,41.13,0.2,0.0,0.0,0.0
40,Jameis Winston,NYG,QB,58.0,93.0,603.0,3.5,2.6,7.0,20.0,0.1,0.0,0.0,0.0
41,Tyrod Taylor,NYJ,QB,49.0,80.0,513.0,2.8,2.5,8.0,27.0,0.2,0.0,0.0,0.0
42,Gardner Minshew,KAN,QB,47.33,75.67,482.0,2.8,2.27,5.2,14.53,0.13,0.0,0.0,0.0
43,Jake Browning,CIN,QB,47.33,74.33,527.0,3.13,2.13,6.87,31.47,0.33,0.0,0.0,0.0
44,Mason Rudolph,PIT,QB,47.0,74.33,501.33,2.77,2.33,7.33,28.53,0.17,0.0,0.0,0.0
45,Aidan O'Connell,LVR,QB,47.0,74.0,496.67,2.6,1.4,4.13,9.13,0.1,0.0,0.0,0.0
46,Andy Dalton,CAR,QB,48.0,74.0,483.67,2.83,2.07,4.87,16.0,0.1,0.0,0.0,0.0
47,Cooper Rush,BAL,QB,45.0,73.0,474.0,3.6,2.1,6.0,6.0,0.2,0.0,0.0,0.0
48,Nick Mullens,JAX,QB,47.0,72.67,501.67,2.93,2.17,4.33,13.0,0.1,0.0,0.0,0.0
49,Davis Mills,HOU,QB,45.0,72.0,475.67,2.87,2.17,3.87,12.87,0.1,0.0,0.0,0.0
50,Jarrett Stidham,DEN,QB,44.33,71.33,459.33,2.93,2.1,7.2,32.53,0.13,0.0,0.0,0.0
51,Marcus Mariota,WAS,QB,45.33,70.33,496.0,3.1,1.43,9.93,48.53,0.23,0.0,0.0,0.0
52,Mac Jones,SF,QB,45.33,70.33,495.67,2.87,2.07,7.07,25.6,0.2,0.0,0.0,0.0
53,Jacoby Brissett,ARZ,QB,42.67,70.0,417.33,2.47,1.4,5.07,22.33,0.13,0.0,0.0,0.0
54,Joe Milton III,DAL,QB,44.0,69.67,469.67,2.53,2.07,9.73,38.67,0.67,0.0,0.0,0.0
55,Kyle Trask,TB,QB,43.33,69.33,477.33,2.73,2.03,5.4,20.0,0.1,0.0,0.0,0.0
56,Kirk Cousins,ATL,QB,46.33,69.0,518.0,2.7,1.97,2.4,3.87,0.0,0.0,0.0,0.0
57,Sam Howell,MIN,QB,41.0,67.0,434.0,2.5,2.0,4.4,28.5,0.1,0.0,0.0,0.0
58,Tyson Bagent,CHI,QB,42.0,66.0,441.67,2.53,2.03,6.33,31.73,0.13,0.0,0.0,0.0
59,Kyle Allen,DET,QB,41.0,65.0,440.0,3.2,1.6,5.0,11.0,0.1,0.0,0.0,0.0
60,Brandon Allen,TEN,QB,38.33,64.33,409.0,2.23,2.03,3.13,14.47,0.03,0.0,0.0,0.0
61,Mitch Trubisky,BUF,QB,42.67,64.33,426.0,2.83,2.03,5.07,19.27,0.13,0.0,0.0,0.0
62,Joshua Dobbs,NWE,QB,40.67,63.67,418.0,2.47,2.1,8.13,37.67,0.2,0.0,0.0,0.0
63,Tanner McKee,PHI,QB,40.67,62.33,451.67,2.8,1.3,5.53,13.53,0.1,0.0,0.0,0.0
64,Trey Lance,LAC,QB,38.0,62.0,411.0,2.8,1.7,6.0,19.0,0.2,0.0,0.0,0.0
65,Jalen Milroe,SEA,QB,37.0,61.67,397.67,2.37,1.97,12.87,76.33,0.33,0.0,0.0,0.0
66,Taylor Heinicke,LAC,QB,36.0,58.0,398.0,2.2,1.0,6.3,35.0,0.2,0.0,0.0,0.0
67,Malik Willis,GB,QB,33.0,52.0,371.0,2.2,1.3,9.13,54.27,0.23,0.0,0.0,0.0
68,Hendon Hooker,DET,QB,31.67,49.33,338.33,2.17,0.9,5.87,22.53,0.1,0.0,0.0,0.0
69,Trevor Siemian,TEN,QB,23.0,40.0,236.0,1.5,1.3,2.0,7.0,0.1,0.0,0.0,0.0
70,Devin Leary,BAL,QB,24.67,39.33,262.33,1.57,0.83,3.47,22.27,0.1,0.0,0.0,0.0
71,Riley Leonard,IND,QB,24.0,39.0,265.0,1.6,1.2,4.0,19.0,0.1,0.0,0.0,0.0
72,Jake Haener,NOR,QB,22.0,38.0,251.0,1.5,1.0,4.0,14.0,0.1,0.0,0.0,0.0
73,DJ Uiagalelei,LAC,QB,21.0,35.0,228.0,1.6,0.9,3.0,13.0,0.1,0.0,0.0,0.0
74,Teddy Bridgewater,TB,QB,20.0,32.0,215.0,1.6,0.9,2.0,9.0,0.1,0.0,0.0,0.0
75,Stetson Bennett,LAR,QB,18.0,30.0,204.0,1.5,0.9,3.0,14.0,0.1,0.0,0.0,0.0
76,Quinn Ewers,MIA,QB,18.0,29.0,188.0,1.4,0.9,3.0,12.0,0.1,0.0,0.0,0.0
77,Will Howard,PIT,QB,16.0,27.0,170.0,1.2,0.8,3.0,12.0,0.1,0.0,0.0,0.0
78,Drew Lock,SEA,QB,15.0,25.0,154.0,1.0,0.7,2.0,7.0,0.1,0.0,0.0,0.0
79,Desmond Ridder,CIN,QB,13.0,22.0,141.0,1.1,0.6,2.0,6.0,0.0,0.0,0.0,0.0
80,Bailey Zappe,KAN,QB,13.0,21.0,131.0,1.0,0.6,2.0,5.0,0.0,0.0,0.0,0.0
81,Will Grier,DAL,QB,13.0,21.0,135.0,0.9,0.6,2.0,8.0,0.1,0.0,0.0,0.0
82,Case Keenum,CHI,QB,12.0,20.0,123.0,0.9,0.6,2.0,4.0,0.0,0.0,0.0,0.0
83,Josh Johnson,WAS,QB,12.0,20.0,129.0,0.9,0.6,1.0,2.0,0.0,0.0,0.0,0.0
84,Max Brosmer,MIN,QB,12.0,20.0,136.0,0.9,0.5,2.0,7.0,,0.0,0.0,0.0
85,Jack Plummer,CAR,QB,11.0,18.0,113.0,0.7,0.5,1.0,4.0,0.0,0.0,0.0,0.0
86,Cam Miller,LVR,QB,12.0,18.0,125.0,0.7,0.5,2.0,9.0,0.1,0.0,0.0,0.0
87,Sam Ehlinger,DEN,QB,11.0,18.0,110.0,0.8,0.5,2.0,8.0,0.1,0.0,0.0,0.0
88,John Wolford,JAX,QB,11.0,18.0,119.0,0.8,0.5,2.0,7.0,0.1,0.0,0.0,0.0
89,Sean Clifford,GB,QB,10.0,18.0,117.0,0.9,0.5,2.0,6.0,0.0,0.0,0.0,0.0
90,Kedon Slovis,HOU,QB,11.0,18.0,123.0,0.8,0.5,2.0,7.0,0.0,0.0,0.0,0.0
91,Clayton Tune,ARZ,QB,11.0,18.0,120.0,0.8,0.5,2.0,5.0,0.0,0.0,0.0,0.0
92,Mike White,BUF,QB,11.0,18.0,114.0,0.9,0.5,1.0,1.0,0.0,0.0,0.0,0.0
93,Easton Stick,ATL,QB,11.0,18.0,125.0,0.8,0.5,2.0,7.0,0.0,0.0,0.0,0.0
94,Kurtis Rourke,SF,QB,10.0,17.0,116.0,0.9,0.5,2.0,6.0,0.1,0.0,0.0,0.0
95,Ben Wooldridge,NWE,QB,10.0,17.0,106.0,0.8,0.5,2.0,6.0,0.0,0.0,0.0,0.0
96,Dorian Thompson-Robinson,PHI,QB,10.0,17.0,108.0,0.8,0.4,2.0,6.0,0.0,0.0,0.0,0.0
97,Adrian Martinez,NYJ,QB,10.0,17.0,108.0,0.6,0.5,2.0,7.0,0.0,0.0,0.0,0.0
98,Taysom Hill,NOR,TE,5.33,8.67,57.33,0.3,0.13,22.53,108.47,0.83,8.2,76.0,0.37
99,Justin Jefferson,MIN,WR,0.0,0.0,0.0,0.0,0.0,0.0,0.0,0.0,92.0,1263.93,8.03
100,Deebo Samuel,WAS,WR,0.0,0.0,0.0,0.0,0.0,34.4,143.0,0.97,62.0,752.07,4.53
101,Quentin Johnston,LAC,WR,0.0,0.0,0.0,0.0,0.0,1.67,8.47,0.03,35.27,447.4,3.37
102,Dont'e Thornton,LVR,WR,0.0,0.0,0.0,0.0,0.0,0.0,0.0,0.0,40.8,528.93,2.5
103,Jeremy Ruckert,NYJ,TE,0.0,0.0,0.0,0.0,0.0,0.0,0.0,0.0,17.93,164.0,0.97
104,Irv Smith Jr.,HOU,TE,0.0,0.0,0.0,0.0,0.0,0.0,0.0,0.0,4.0,39.0,0.2
105,Josh Whyle,TEN,TE,0.0,0.0,0.0,0.0,0.0,0.0,0.0,0.0,9.13,85.4,0.57
106,Jason Brownlee,KAN,WR,0.0,0.0,0.0,0.0,0.0,0.0,0.0,0.0,0.0,5.0,0.0
107,Jaleel McLaughlin,DEN,RB,0.0,0.0,0.0,0.0,0.0,44.53,192.73,0.8,10.6,58.8,0.4
108,Zay Jones,ARZ,WR,0.0,0.0,0.0,0.0,0.0,0.0,0.0,0.0,28.73,343.87,1.87
109,Quinshon Judkins,CLE,RB,0.0,0.0,0.0,0.0,0.0,127.93,570.47,4.2,19.93,143.87,0.53
110,Alvin Kamara,NOR,RB,0.0,0.0,0.0,0.0,0.0,197.0,812.6,5.03,59.67,445.53,1.7
111,Raheem Mostert,LVR,RB,0.0,0.0,0.0,0.0,0.0,67.6,268.73,1.93,14.2,105.73,0.33
112,Cody White,SEA,WR,0.0,0.0,0.0,0.0,0.0,0.0,0.0,0.0,1.0,11.0,0.0
113,Phil Mafah,DAL,RB,0.0,0.0,0.0,0.0,0.0,8.8,36.67,0.23,3.2,21.27,0.1
114,Travis Kelce,KAN,TE,0.0,0.0,0.0,0.0,0.0,0.0,0.0,0.0,75.73,725.8,5.87
115,Kyle Pitts,ATL,TE,0.0,0.0,0.0,0.0,0.0,0.0,0.0,0.0,42.67,533.27,3.57
116,Teagan Quitoriano,ATL,TE,0.0,0.0,0.0,0.0,0.0,0.0,0.0,0.0,4.0,42.0,0.3
117,Austin Trammell,JAX,WR,0.0,0.0,0.0,0.0,0.0,0.0,0.0,0.0,5.93,73.53,0.33
118,Terry McLaurin,WAS,WR,0.0,0.0,0.0,0.0,0.0,1.07,7.27,0.0,69.87,941.6,6.3
119,Greg Dortch,ARZ,WR,0.0,0.0,0.0,0.0,0.0,3.93,25.8,0.13,23.0,237.67,1.43
120,Damien Martinez,SEA,RB,0.0,0.0,0.0,0.0,0.0,16.2,67.47,0.43,4.27,31.4,0.1
121,Tony Pollard,TEN,RB,0.0,0.0,0.0,0.0,0.0,215.27,938.0,6.37,39.33,225.0,1.27
122,Kimani Vidal,LAC,RB,0.0,0.0,0.0,0.0,0.0,34.53,137.33,0.77,6.6,49.53,0.17
123,Ja'Lynn Polk,NWE,WR,0.0,0.0,0.0,0.0,0.0,0.4,2.6,0.0,0.0,0.0,0.0
124,Mike Boone,MIA,RB,0.0,0.0,0.0,0.0,0.0,6.0,23.0,0.5,0.0,0.0,0.0
125,Chris Rodriguez,WAS,RB,0.0,0.0,0.0,0.0,0.0,54.0,244.33,2.2,5.0,36.47,0.23
126,Marvin Mims,DEN,WR,0.0,0.0,0.0,0.0,0.0,16.0,61.0,0.23,50.47,607.2,3.77
127,Hunter Long,JAX,TE,0.0,0.0,0.0,0.0,0.0,0.0,0.0,0.0,6.07,55.33,0.27
128,Ben Sinnott,WAS,TE,0.0,0.0,0.0,0.0,0.0,0.0,0.0,0.0,12.33,107.67,0.87
129,Gavin Bartholomew,MIN,TE,0.0,0.0,0.0,0.0,0.0,0.0,0.0,0.0,4.6,45.53,0.23
130,Rome Odunze,CHI,WR,0.0,0.0,0.0,0.0,0.0,1.73,10.27,0.03,58.6,773.67,5.73
131,Parker Washington,JAX,WR,0.0,0.0,0.0,0.0,0.0,0.0,0.0,0.0,24.47,295.0,1.7
132,Keilan Robinson,PHI,RB,0.0,0.0,0.0,0.0,0.0,2.0,7.0,0.1,1.0,7.0,0.1
133,Cade Otton,TB,TE,0.0,0.0,0.0,0.0,0.0,0.0,0.0,0.0,47.73,480.47,3.93
134,Ryan Miller,TB,WR,0.0,0.0,0.0,0.0,0.0,0.0,0.0,0.0,3.0,33.0,0.2
135,Austin Ekeler,WAS,RB,0.0,0.0,0.0,0.0,0.0,88.4,378.53,3.13,45.87,369.2,1.77
136,Cody Schrader,LAR,RB,0.0,0.0,0.0,0.0,0.0,1.0,4.0,0.0,0.0,3.0,0.0
137,Drew Sample,CIN,TE,0.0,0.0,0.0,0.0,0.0,0.0,0.0,0.0,9.93,72.0,0.43
138,Jonnu Smith,PIT,TE,0.0,0.0,0.0,0.0,0.0,0.8,4.13,0.03,51.53,561.93,3.67
139,Najee Harris,LAC,RB,0.0,0.0,0.0,0.0,0.0,75.2,302.07,2.5,15.07,110.33,0.37
140,Jonathan Mingo,DAL,WR,0.0,0.0,0.0,0.0,0.0,0.67,3.67,0.0,10.6,117.4,0.77
141,Brian Robinson,SF,RB,0.0,0.0,0.0,0.0,0.0,86.87,378.6,3.27,8.73,74.47,0.4
142,Jalen Coker,CAR,WR,0.0,0.0,0.0,0.0,0.0,0.0,0.0,0.0,35.4,430.67,2.63
143,Chris Godwin,TB,WR,0.0,0.0,0.0,0.0,0.0,1.53,7.6,0.07,56.27,660.0,3.8
144,John Metchie,PHI,WR,0.0,0.0,0.0,0.0,0.0,0.0,0.0,0.0,7.6,79.33,0.63
145,Trent Sherfield,DEN,WR,0.0,0.0,0.0,0.0,0.0,0.0,0.0,0.0,9.27,102.13,0.53
146,Simi Fehoko,ARZ,WR,0.0,0.0,0.0,0.0,0.0,0.0,0.0,0.0,1.87,23.47,0.13
147,Nick Nash,ATL,WR,0.0,0.0,0.0,0.0,0.0,0.0,0.0,0.0,0.0,4.0,0.0
148,Lil'Jordan Humphrey,NYG,WR,0.0,0.0,0.0,0.0,0.0,0.0,0.0,0.0,4.53,46.8,0.3
149,Terrell Jennings,NWE,RB,0.0,0.0,0.0,0.0,0.0,2.2,7.4,0.0,0.07,1.6,0.0
150,Samaje Perine,CIN,RB,0.0,0.0,0.0,0.0,0.0,36.93,157.67,0.97,25.0,213.93,1.0
151,Roman Wilson,PIT,WR,0.0,0.0,0.0,0.0,0.0,0.0,0.0,0.0,26.93,327.87,2.3
152,Jonathan Taylor,IND,RB,0.0,0.0,0.0,0.0,0.0,254.6,1154.0,8.9,27.67,202.2,0.93
153,Ko Kieft,TB,TE,0.0,0.0,0.0,0.0,0.0,0.0,0.0,0.0,0.67,6.93,0.07
154,Khadarel Hodge,ATL,WR,0.0,0.0,0.0,0.0,0.0,0.0,0.0,0.0,17.53,251.07,1.4
155,Jalen Reagor,LAC,WR,0.0,0.0,0.0,0.0,0.0,0.0,0.0,0.0,1.87,20.4,0.1
156,Ja'Quinden Jackson,JAX,RB,0.0,0.0,0.0,0.0,0.0,0.0,2.0,0.0,0.0,0.0,0.0
157,Curtis Samuel,BUF,WR,0.0,0.0,0.0,0.0,0.0,4.0,16.47,0.1,17.67,178.53,1.4
158,Jared Wiley,KAN,TE,0.0,0.0,0.0,0.0,0.0,0.0,0.0,0.0,2.2,21.67,0.13
159,Clyde Edwards-Helaire,NOR,RB,0.0,0.0,0.0,0.0,0.0,10.0,42.4,0.27,2.27,18.53,0.03
160,Kaden Davis,CLE,WR,0.0,0.0,0.0,0.0,0.0,0.0,0.0,0.0,2.0,21.0,0.1
161,Zach Charbonnet,SEA,RB,0.0,0.0,0.0,0.0,0.0,123.73,535.53,4.6,31.87,239.13,0.77
162,Jimmy Horn,CAR,WR,0.0,0.0,0.0,0.0,0.0,0.0,0.0,0.0,1.0,11.2,0.07
163,Demarcus Robinson,SF,WR,0.0,0.0,0.0,0.0,0.0,0.0,0.0,0.0,13.33,193.2,1.2
164,Malik Heath,GB,WR,0.0,0.0,0.0,0.0,0.0,0.0,0.0,0.0,6.27,60.53,0.6
165,John Bates,WAS,TE,0.0,0.0,0.0,0.0,0.0,0.0,0.0,0.0,13.27,120.8,0.97
166,Zay Flowers,BAL,WR,0.0,0.0,0.0,0.0,0.0,7.6,47.93,0.23,67.93,926.2,5.33
167,Alec Ingold,MIA,RB,0.0,0.0,0.0,0.0,0.0,6.93,18.6,0.37,8.13,65.93,0.2
168,Michael Wilson,ARZ,WR,0.0,0.0,0.0,0.0,0.0,1.8,11.8,0.07,37.87,478.27,3.07
169,Amari Cooper,FA,WR,0.0,0.0,0.0,0.0,0.0,0.0,0.0,0.0,14.1,171.3,1.1
170,Charlie Woerner,ATL,TE,0.0,0.0,0.0,0.0,0.0,0.0,0.0,0.0,13.27,118.27,0.73
171,Bijan Robinson,ATL,RB,0.0,0.0,0.0,0.0,0.0,258.0,1212.53,10.3,52.4,400.67,2.1
172,Rachaad White,TB,RB,0.0,0.0,0.0,0.0,0.0,93.53,387.4,2.47,34.67,272.8,1.67
173,Savion Williams,GB,WR,0.0,0.0,0.0,0.0,0.0,15.33,89.2,0.3,15.6,180.0,1.27
174,Tyler Warren,IND,TE,0.0,0.0,0.0,0.0,0.0,0.0,0.0,0.0,59.47,641.33,3.27
175,Christopher Brooks,GB,RB,0.0,0.0,0.0,0.0,0.0,47.33,214.27,1.57,10.87,72.13,0.4
176,DK Metcalf,PIT,WR,0.0,0.0,0.0,0.0,0.0,0.0,0.0,0.0,72.07,1019.33,7.47
177,Trey Benson,ARZ,RB,0.0,0.0,0.0,0.0,0.0,121.93,563.93,2.93,16.87,135.73,0.43
178,Foster Moreau,NOR,TE,0.0,0.0,0.0,0.0,0.0,0.0,0.0,0.0,20.67,220.0,1.77
179,Sione Vaki,DET,RB,0.0,0.0,0.0,0.0,0.0,9.33,39.73,0.23,2.4,20.73,0.03
180,Stone Smartt,NYJ,TE,0.0,0.0,0.0,0.0,0.0,0.0,0.0,0.0,7.87,79.27,0.37
181,DeAndre Carter,CLE,WR,0.0,0.0,0.0,0.0,0.0,0.0,0.0,0.0,3.93,40.73,0.27
182,Darnell Mooney,ATL,WR,0.0,0.0,0.0,0.0,0.0,0.0,0.0,0.0,50.73,749.2,3.67
183,Ray-Ray McCloud,ATL,WR,0.0,0.0,0.0,0.0,0.0,7.4,54.07,0.23,49.53,543.07,2.2
184,DeeJay Dallas,ARZ,RB,0.0,0.0,0.0,0.0,0.0,9.87,43.67,0.27,3.13,20.8,0.13
185,Jaylen Waddle,MIA,WR,0.0,0.0,0.0,0.0,0.0,2.33,16.6,0.17,75.47,945.27,5.27
186,Michael Pittman Jr.,IND,WR,0.0,0.0,0.0,0.0,0.0,0.0,0.0,0.0,72.8,816.4,4.27
187,Nathan Carter,ATL,RB,0.0,0.0,0.0,0.0,0.0,1.0,5.0,0.0,0.0,3.0,0.0
188,Pierre Strong,CLE,RB,0.0,0.0,0.0,0.0,0.0,20.6,84.27,0.53,2.67,19.0,0.0
189,Shane Zylstra,DET,TE,0.0,0.0,0.0,0.0,0.0,0.0,0.0,0.0,2.27,21.4,0.13
190,Jahan Dotson,PHI,WR,0.0,0.0,0.0,0.0,0.0,0.53,3.2,0.0,20.07,233.87,1.43
191,Xavier Restrepo,TEN,WR,0.0,0.0,0.0,0.0,0.0,0.0,0.0,0.0,1.0,10.0,0.0
192,Noah Brown,WAS,WR,0.0,0.0,0.0,0.0,0.0,0.0,0.0,0.0,31.93,390.07,1.97
193,Jordan Mason,MIN,RB,0.0,0.0,0.0,0.0,0.0,132.93,635.2,4.1,17.93,134.93,0.73
194,Brandon Johnson,PIT,WR,0.0,0.0,0.0,0.0,0.0,0.0,0.0,0.0,7.0,85.0,0.5
195,Nico Collins,HOU,WR,0.0,0.0,0.0,0.0,0.0,0.0,0.0,0.0,86.73,1303.87,7.97
196,James Cook,BUF,RB,0.0,0.0,0.0,0.0,0.0,203.33,976.33,8.7,26.8,232.53,1.43
197,Jha'Quan Jackson,TEN,WR,0.0,0.0,0.0,0.0,0.0,0.0,0.0,0.0,0.0,0.0,0.0
198,David Njoku,CLE,TE,0.0,0.0,0.0,0.0,0.0,0.0,0.0,0.0,67.0,629.47,4.13
199,Luther Burden,CHI,WR,0.0,0.0,0.0,0.0,0.0,2.4,14.53,0.07,35.67,392.67,2.3
200,Pat Freiermuth,PIT,TE,0.0,0.0,0.0,0.0,0.0,0.0,0.0,0.0,43.2,453.8,3.17
201,Greg Dulcich,NYG,TE,0.0,0.0,0.0,0.0,0.0,0.0,0.0,0.0,1.13,10.07,0.03
202,Tejhaun Palmer,ARZ,WR,0.0,0.0,0.0,0.0,0.0,0.0,0.0,0.0,0.0,5.0,0.0
203,James Conner,ARZ,RB,0.0,0.0,0.0,0.0,0.0,210.07,983.53,8.0,37.0,296.73,1.07
204,Devontez Walker,BAL,WR,0.0,0.0,0.0,0.0,0.0,0.0,0.0,0.0,6.07,84.27,0.57
205,Trey McBride,ARZ,TE,0.0,0.0,0.0,0.0,0.0,0.0,0.0,0.0,100.33,1048.4,6.03
206,Brian Thomas,JAX,WR,0.0,0.0,0.0,0.0,0.0,5.93,41.4,0.07,88.2,1205.93,7.8
207,Hunter Luepke,DAL,RB,0.0,0.0,0.0,0.0,0.0,10.27,30.0,0.4,8.6,61.53,0.2
208,Mike Evans,TB,WR,0.0,0.0,0.0,0.0,0.0,0.0,0.0,0.0,71.73,1041.73,8.27
209,Terrance Ferguson,LAR,TE,0.0,0.0,0.0,0.0,0.0,0.0,0.0,0.0,29.0,269.13,1.77
210,Raheem Blackshear,CAR,RB,0.0,0.0,0.0,0.0,0.0,2.0,7.0,0.0,2.0,17.0,0.1
211,Cooper Kupp,SEA,WR,0.0,0.0,0.0,0.0,0.0,0.0,0.0,0.0,54.8,674.27,4.0
212,David Bell,CLE,WR,0.0,0.0,0.0,0.0,0.0,0.0,0.0,0.0,5.67,61.4,0.63
213,Tank Bigsby,JAX,RB,0.0,0.0,0.0,0.0,0.0,136.8,604.47,4.67,14.53,100.73,0.33
214,Marquise Brown,KAN,WR,0.0,0.0,0.0,0.0,0.0,0.0,0.0,0.0,42.13,521.2,3.3
215,Elijah Moore,BUF,WR,0.0,0.0,0.0,0.0,0.0,0.0,0.0,0.0,25.27,268.87,1.97
216,Jalen Tolbert,DAL,WR,0.0,0.0,0.0,0.0,0.0,0.0,0.0,0.0,24.8,306.13,2.33
217,Harold Fannin,CLE,TE,0.0,0.0,0.0,0.0,0.0,0.0,0.0,0.0,33.53,346.53,1.93
218,Omarion Hampton,LAC,RB,0.0,0.0,0.0,0.0,0.0,208.73,958.93,8.2,32.6,249.87,1.43
219,Jake Bobo,SEA,WR,0.0,0.0,0.0,0.0,0.0,0.0,0.0,0.0,8.93,105.6,0.67
220,Luke Musgrave,GB,TE,0.0,0.0,0.0,0.0,0.0,0.0,0.0,0.0,17.2,175.07,1.27
221,Ben Sims,GB,TE,0.0,0.0,0.0,0.0,0.0,0.0,0.0,0.0,3.67,32.53,0.3
222,Luke McCaffrey,WAS,WR,0.0,0.0,0.0,0.0,0.0,0.0,0.0,0.0,23.93,254.53,1.67
223,Noah Fant,CIN,TE,0.0,0.0,0.0,0.0,0.0,0.0,0.0,0.0,35.53,352.13,2.2
224,Elijah Arroyo,SEA,TE,0.0,0.0,0.0,0.0,0.0,0.0,0.0,0.0,35.4,379.6,2.17
225,Tip Reiman,ARZ,TE,0.0,0.0,0.0,0.0,0.0,0.0,0.0,0.0,12.07,95.2,0.53
226,Tucker Fisk,LAC,TE,0.0,0.0,0.0,0.0,0.0,0.0,0.0,0.0,1.73,15.4,0.13
227,Carlos Washington,ATL,RB,0.0,0.0,0.0,0.0,0.0,19.93,83.6,0.5,1.73,13.6,0.07
228,Breece Hall,NYJ,RB,0.0,0.0,0.0,0.0,0.0,206.53,889.0,5.3,40.4,333.07,1.53
229,Josh Jacobs,GB,RB,0.0,0.0,0.0,0.0,0.0,222.93,993.33,9.3,33.33,292.2,1.03
230,Kalif Raymond,DET,WR,0.0,0.0,0.0,0.0,0.0,2.67,18.6,0.03,18.53,226.2,0.97
231,Jerry Jeudy,CLE,WR,0.0,0.0,0.0,0.0,0.0,0.0,0.0,0.0,73.8,945.4,4.67
232,Nate Adkins,DEN,TE,0.0,0.0,0.0,0.0,0.0,0.0,0.0,0.0,2.6,23.6,0.23
233,Cam Skattebo,NYG,RB,0.0,0.0,0.0,0.0,0.0,127.13,544.67,4.2,24.4,181.4,1.0
234,Jaylin Noel,HOU,WR,0.0,0.0,0.0,0.0,0.0,0.0,0.0,0.0,26.6,342.2,1.73
235,James Proche,TEN,WR,0.0,0.0,0.0,0.0,0.0,0.0,0.0,0.0,1.2,12.6,0.07
236,Darnell Washington,PIT,TE,0.0,0.0,0.0,0.0,0.0,0.0,0.0,0.0,11.4,113.33,0.63
237,Dyami Brown,JAX,WR,0.0,0.0,0.0,0.0,0.0,0.33,2.0,0.0,47.13,561.2,3.2
238,Chris Manhertz,NYG,TE,0.0,0.0,0.0,0.0,0.0,0.0,0.0,0.0,2.8,26.6,0.17
239,Ian Thomas,LVR,TE,0.0,0.0,0.0,0.0,0.0,0.0,0.0,0.0,7.13,61.67,0.4
240,Mike Gesicki,CIN,TE,0.0,0.0,0.0,0.0,0.0,0.0,0.0,0.0,47.4,462.67,2.8
241,Jordan Addison,MIN,WR,0.0,0.0,0.0,0.0,0.0,1.6,7.73,0.03,56.4,718.4,4.87
242,Dareke Young,SEA,WR,0.0,0.0,0.0,0.0,0.0,0.0,0.0,0.0,2.0,21.0,0.1
243,DeVonta Smith,PHI,WR,0.0,0.0,0.0,0.0,0.0,0.2,0.73,0.0,69.13,905.87,5.9
244,Troy Franklin,DEN,WR,0.0,0.0,0.0,0.0,0.0,0.8,4.53,0.0,29.4,358.67,2.5
245,Darius Slayton,NYG,WR,0.0,0.0,0.0,0.0,0.0,0.0,0.0,0.0,37.27,503.87,2.77
246,Chris Olave,NOR,WR,0.0,0.0,0.0,0.0,0.0,0.4,2.8,0.0,64.4,826.4,4.6
247,Will Dissly,LAC,TE,0.0,0.0,0.0,0.0,0.0,0.0,0.0,0.0,25.73,246.87,1.57
248,Emanuel Wilson,GB,RB,0.0,0.0,0.0,0.0,0.0,32.27,146.87,0.77,5.93,39.27,0.27
249,LaJohntay Wester,BAL,WR,0.0,0.0,0.0,0.0,0.0,0.0,0.0,0.0,0.87,9.87,0.07
250,Kareem Hunt,KAN,RB,0.0,0.0,0.0,0.0,0.0,90.93,346.47,3.3,17.27,113.07,1.0
251,Tucker Kraft,GB,TE,0.0,0.0,0.0,0.0,0.0,2.73,7.6,0.03,51.47,635.13,4.3
252,Andrew Ogletree,IND,TE,0.0,0.0,0.0,0.0,0.0,0.0,0.0,0.0,7.93,83.6,0.47
253,Trevor Etienne,CAR,RB,0.0,0.0,0.0,0.0,0.0,50.27,220.87,1.37,13.93,101.33,0.53
254,Hunter Henry,NWE,TE,0.0,0.0,0.0,0.0,0.0,0.0,0.0,0.0,53.8,575.8,4.57
255,Charlie Kolar,BAL,TE,0.0,0.0,0.0,0.0,0.0,0.33,1.67,0.0,10.07,122.47,0.8
256,Devaughn Vele,NOR,WR,0.0,0.0,0.0,0.0,0.0,0.0,0.0,0.0,29.73,332.27,1.87
257,John FitzPatrick,GB,TE,0.0,0.0,0.0,0.0,0.0,0.0,0.0,0.0,1.7,12.5,0.1
258,Robby Anderson,SF,WR,0.0,0.0,0.0,0.0,0.0,0.0,0.0,0.0,5.0,64.0,0.7
259,Laviska Shenault Jr.,BUF,WR,0.0,0.0,0.0,0.0,0.0,1.53,7.2,0.07,1.6,14.93,0.07
260,Craig Reynolds,DET,RB,0.0,0.0,0.0,0.0,0.0,30.73,131.27,0.73,4.07,33.33,0.03
261,David Sills V,ATL,WR,0.0,0.0,0.0,0.0,0.0,0.0,0.0,0.0,3.0,44.0,0.3
262,Robert Tonyan Jr.,KAN,TE,0.0,0.0,0.0,0.0,0.0,0.0,0.0,0.0,0.0,5.0,0.0
263,Rhamondre Stevenson,NWE,RB,0.0,0.0,0.0,0.0,0.0,134.13,536.33,4.3,18.2,117.6,1.1
264,Anthony Gould,IND,WR,0.0,0.0,0.0,0.0,0.0,0.0,0.0,0.0,1.2,13.07,0.07
265,Tanner McLachlan,CIN,TE,0.0,0.0,0.0,0.0,0.0,0.0,0.0,0.0,0.8,8.13,0.03
266,Dylan Sampson,CLE,RB,0.0,0.0,0.0,0.0,0.0,117.13,501.93,3.1,20.07,147.67,0.63
267,Rakim Jarrett,TB,WR,0.0,0.0,0.0,0.0,0.0,0.0,0.0,0.0,3.13,36.2,0.23
268,Keenan Allen,LAC,WR,0.0,0.0,0.0,0.0,0.0,0.0,0.0,0.0,63.93,754.27,4.87
269,Elic Ayomanor,TEN,WR,0.0,0.0,0.0,0.0,0.0,0.0,0.0,0.0,32.47,400.93,2.23
270,Jack Bech,LVR,WR,0.0,0.0,0.0,0.0,0.0,0.0,0.0,0.0,28.93,348.47,1.67
271,Colston Loveland,CHI,TE,0.0,0.0,0.0,0.0,0.0,0.0,0.0,0.0,52.4,565.4,3.6
272,Jordan Mims,TEN,RB,0.0,0.0,0.0,0.0,0.0,0.0,0.0,0.0,1.0,7.0,0.0
273,Chase Brown,CIN,RB,0.0,0.0,0.0,0.0,0.0,207.47,903.8,7.7,48.27,348.73,2.67
274,K.J. Osborn,WAS,WR,0.0,0.0,0.0,0.0,0.0,0.0,0.0,0.0,7.13,78.93,0.6
275,Chris Blair,ATL,WR,0.0,0.0,0.0,0.0,0.0,0.0,0.0,0.0,4.47,63.87,0.33
276,Christian Watson,GB,WR,0.0,0.0,0.0,0.0,0.0,1.0,4.0,0.0,15.0,231.0,1.6
277,Mo Alie-Cox,IND,TE,0.0,0.0,0.0,0.0,0.0,0.0,0.0,0.0,9.0,103.0,1.1
278,Malik Nabers,NYG,WR,0.0,0.0,0.0,0.0,0.0,4.47,21.27,0.1,97.2,1241.2,7.4
279,Kylen Granson,PHI,TE,0.0,0.0,0.0,0.0,0.0,0.0,0.0,0.0,3.47,34.73,0.27
280,Rasheen Ali,BAL,RB,0.0,0.0,0.0,0.0,0.0,14.47,56.0,0.33,1.27,9.6,0.0
281,Isaac TeSlaa,DET,WR,0.0,0.0,0.0,0.0,0.0,0.0,0.0,0.0,20.0,232.93,1.27
282,Kaden Prather,BUF,WR,0.0,0.0,0.0,0.0,0.0,0.0,0.0,0.0,1.13,12.53,0.07
283,Adonai Mitchell,IND,WR,0.0,0.0,0.0,0.0,0.0,2.87,17.07,0.1,25.6,341.87,1.9
284,Tory Horton,SEA,WR,0.0,0.0,0.0,0.0,0.0,0.0,0.0,0.0,26.07,342.07,1.73
285,Julius Chestnut,TEN,RB,0.0,0.0,0.0,0.0,0.0,21.93,91.67,0.87,2.53,19.87,0.03
286,Kendric Pryor,CIN,WR,0.0,0.0,0.0,0.0,0.0,0.0,0.0,0.0,0.0,5.0,0.0
287,Blake Whiteheart,CLE,TE,0.0,0.0,0.0,0.0,0.0,0.0,0.0,0.0,6.13,54.53,0.37
288,Nikola Kalinic,ATL,TE,0.0,0.0,0.0,0.0,0.0,0.0,0.0,0.0,0.6,6.2,0.0
289,Marvin Harrison Jr.,ARZ,WR,0.0,0.0,0.0,0.0,0.0,0.0,0.0,0.0,69.33,949.33,7.33
290,Brashard Smith,KAN,RB,0.0,0.0,0.0,0.0,0.0,22.93,95.6,0.63,11.87,86.6,0.47
291,Hassan Haskins,LAC,RB,0.0,0.0,0.0,0.0,0.0,20.67,73.73,0.8,2.4,17.27,0.07
292,Mitchell Evans,CAR,TE,0.0,0.0,0.0,0.0,0.0,0.0,0.0,0.0,5.2,53.33,0.3
293,Josh Oliver,MIN,TE,0.0,0.0,0.0,0.0,0.0,0.0,0.0,0.0,19.33,198.27,1.17
294,Xavier Hutchinson,HOU,WR,0.0,0.0,0.0,0.0,0.0,0.0,0.0,0.0,6.87,80.4,0.43
295,Andrew Armstrong,MIA,WR,0.0,0.0,0.0,0.0,0.0,0.0,0.0,0.0,0.0,5.0,0.0
296,Kaleb Johnson,PIT,RB,0.0,0.0,0.0,0.0,0.0,188.67,827.13,5.67,19.13,137.8,0.7
297,Jeff Wilson Jr.,SF,RB,0.0,0.0,0.0,0.0,0.0,2.0,8.0,0.0,1.0,8.0,0.0
298,Luke Farrell,SF,TE,0.0,0.0,0.0,0.0,0.0,0.0,0.0,0.0,9.2,84.13,0.43
299,Charlie Jones,CIN,WR,0.0,0.0,0.0,0.0,0.0,0.0,0.0,0.0,5.0,62.0,0.4
300,Tyler Scott,CHI,WR,0.0,0.0,0.0,0.0,0.0,0.0,0.0,0.0,1.67,20.73,0.13
301,Justin Watson,HOU,WR,0.0,0.0,0.0,0.0,0.0,0.0,0.0,0.0,4.87,60.33,0.3
302,Trey Sermon,PIT,RB,0.0,0.0,0.0,0.0,0.0,10.0,38.0,0.5,0.0,3.0,0.1
303,Stefon Diggs,NWE,WR,0.0,0.0,0.0,0.0,0.0,0.0,0.0,0.0,65.33,737.0,4.7
304,Adam Trautman,DEN,TE,0.0,0.0,0.0,0.0,0.0,0.0,0.0,0.0,14.67,149.87,1.1
305,Bryce Oliver,TEN,WR,0.0,0.0,0.0,0.0,0.0,0.0,0.0,0.0,1.0,11.0,0.1
306,Erick All,CIN,TE,0.0,0.0,0.0,0.0,0.0,0.0,0.0,0.0,9.0,89.0,0.2
307,Dontayvion Wicks,GB,WR,0.0,0.0,0.0,0.0,0.0,0.0,0.0,0.0,29.93,386.33,3.17
308,George Holani,SEA,RB,0.0,0.0,0.0,0.0,0.0,8.4,34.8,0.23,1.07,6.07,0.03
309,Tyler Lockett,TEN,WR,0.0,0.0,0.0,0.0,0.0,0.0,0.0,0.0,42.2,512.27,3.37
310,Deuce Vaughn,DAL,RB,0.0,0.0,0.0,0.0,0.0,6.0,23.0,0.4,1.0,8.0,0.0
311,Tahj Washington,MIA,WR,0.0,0.0,0.0,0.0,0.0,0.0,0.0,0.0,0.0,5.0,0.0
312,Xavier Gipson,NYJ,WR,0.0,0.0,0.0,0.0,0.0,0.33,2.33,0.0,5.53,55.47,0.27
313,Tanner Hudson,CIN,TE,0.0,0.0,0.0,0.0,0.0,0.67,2.33,0.03,12.4,115.2,0.77
314,Devin Singletary,NYG,RB,0.0,0.0,0.0,0.0,0.0,52.47,205.2,1.0,9.13,57.47,0.13
315,Matthew Golden,GB,WR,0.0,0.0,0.0,0.0,0.0,0.0,0.0,0.0,50.87,674.13,4.2
316,Efton Chism,NWE,WR,0.0,0.0,0.0,0.0,0.0,0.0,0.0,0.0,3.0,39.0,0.2
317,K.J. Hamler,BUF,WR,0.0,0.0,0.0,0.0,0.0,0.0,0.0,0.0,0.0,4.0,0.0
318,Ja'Tavion Sanders,CAR,TE,0.0,0.0,0.0,0.0,0.0,0.0,0.0,0.0,33.93,337.73,2.2
319,Will Mallory,IND,TE,0.0,0.0,0.0,0.0,0.0,0.0,0.0,0.0,6.13,58.13,0.23
320,Jacob Cowing,SF,WR,0.0,0.0,0.0,0.0,0.0,6.87,39.47,0.13,4.4,60.0,0.47
321,Aaron Jones,MIN,RB,0.0,0.0,0.0,0.0,0.0,179.2,782.4,4.23,40.27,303.47,2.23
322,Romeo Doubs,GB,WR,0.0,0.0,0.0,0.0,0.0,0.0,0.0,0.0,50.13,632.0,4.53
323,MarShawn Lloyd,GB,RB,0.0,0.0,0.0,0.0,0.0,68.73,292.6,2.37,15.93,115.33,0.6
324,Brenton Strange,JAX,TE,0.0,0.0,0.0,0.0,0.0,0.0,0.0,0.0,55.87,563.47,3.87
325,Thomas Fidone,NYG,TE,0.0,0.0,0.0,0.0,0.0,0.0,0.0,0.0,0.0,4.0,0.0
326,Mason Tipton,NOR,WR,0.0,0.0,0.0,0.0,0.0,0.0,0.0,0.0,4.93,54.27,0.27
327,Travis Homer,CHI,RB,0.0,0.0,0.0,0.0,0.0,10.93,48.67,0.23,1.13,7.93,0.0
328,Robbie Ouzts,SEA,RB,0.0,0.0,0.0,0.0,0.0,0.8,3.73,0.0,0.6,8.8,0.0
329,Travis Vokolek,ARZ,TE,0.0,0.0,0.0,0.0,0.0,0.0,0.0,0.0,1.13,9.67,0.1
330,Lucky Jackson,MIN,WR,0.0,0.0,0.0,0.0,0.0,0.0,0.0,0.0,16.53,208.27,1.3
331,Traeshon Holden,DAL,WR,0.0,0.0,0.0,0.0,0.0,0.0,0.0,0.0,0.0,5.0,0.0
332,Xavier Legette,CAR,WR,0.0,0.0,0.0,0.0,0.0,4.53,22.4,0.13,37.67,432.07,3.1
333,Cam Grandy,CIN,TE,0.0,0.0,0.0,0.0,0.0,0.0,0.0,0.0,0.0,5.0,0.2
334,D'Andre Swift,CHI,RB,0.0,0.0,0.0,0.0,0.0,197.2,801.8,5.6,36.07,294.4,1.0
335,Tyler Goodson,IND,RB,0.0,0.0,0.0,0.0,0.0,16.8,73.67,0.47,5.4,37.0,0.17
336,Bhayshul Tuten,JAX,RB,0.0,0.0,0.0,0.0,0.0,122.13,544.67,3.63,23.8,173.47,0.87
337,Kene Nwangwu,NYJ,RB,0.0,0.0,0.0,0.0,0.0,0.6,2.33,0.0,0.0,0.0,0.0
338,John Stephens,DAL,TE,0.0,0.0,0.0,0.0,0.0,0.0,0.0,0.0,0.0,4.0,0.0
339,Jalen Nailor,MIN,WR,0.0,0.0,0.0,0.0,0.0,1.27,7.33,0.03,31.87,391.8,2.53
340,Alex Bachman,LVR,WR,0.0,0.0,0.0,0.0,0.0,0.0,0.0,0.0,1.0,12.0,0.0
341,River Cracraft,WAS,WR,0.0,0.0,0.0,0.0,0.0,0.0,0.0,0.0,1.0,11.0,0.0
342,Malik Washington,MIA,WR,0.0,0.0,0.0,0.0,0.0,4.4,24.93,0.13,31.27,315.07,1.63
343,Brayden Willis,SF,TE,0.0,0.0,0.0,0.0,0.0,0.0,0.0,0.0,1.4,13.47,0.03
344,Allen Lazard,NYJ,WR,0.0,0.0,0.0,0.0,0.0,0.0,0.0,0.0,17.47,226.93,1.3
345,Brycen Tremayne,CAR,WR,0.0,0.0,0.0,0.0,0.0,0.0,0.0,0.0,3.0,41.0,0.2
346,Tom Kennedy,DET,WR,0.0,0.0,0.0,0.0,0.0,0.0,0.0,0.0,0.13,3.4,0.0
347,Jaheim Bell,NWE,TE,0.0,0.0,0.0,0.0,0.0,0.0,0.0,0.0,4.1,39.1,0.2
348,Scotty Miller,PIT,WR,0.0,0.0,0.0,0.0,0.0,0.0,0.0,0.0,11.67,136.67,0.9
349,Irvin Charles,NYJ,WR,0.0,0.0,0.0,0.0,0.0,0.0,0.0,0.0,0.0,4.0,0.1
350,Saquon Barkley,PHI,RB,0.0,0.0,0.0,0.0,0.0,275.0,1415.27,9.83,39.67,294.53,2.13
351,Chimere Dike,TEN,WR,0.0,0.0,0.0,0.0,0.0,0.0,0.0,0.0,17.27,224.13,1.2
352,Roschon Johnson,CHI,RB,0.0,0.0,0.0,0.0,0.0,100.6,406.47,4.63,13.0,91.53,0.57
353,Isaiah Davis,NYJ,RB,0.0,0.0,0.0,0.0,0.0,42.93,193.53,1.0,12.93,104.33,0.5
354,Chig Okonkwo,TEN,TE,0.0,0.0,0.0,0.0,0.0,0.33,2.0,0.0,46.47,460.2,2.67
355,Kyle Juszczyk,SF,RB,0.0,0.0,0.0,0.0,0.0,5.07,20.27,0.53,15.47,141.13,0.6
356,Zack Kuntz,NYJ,TE,0.0,0.0,0.0,0.0,0.0,0.0,0.0,0.0,0.4,4.73,0.0
357,Brenden Bates,CLE,TE,0.0,0.0,0.0,0.0,0.0,0.0,0.0,0.0,1.2,10.53,0.07
358,Emari Demercado,ARZ,RB,0.0,0.0,0.0,0.0,0.0,29.2,147.2,0.7,17.13,120.8,0.8
359,Dylan Laube,LVR,RB,0.0,0.0,0.0,0.0,0.0,2.0,8.6,0.03,0.4,2.87,0.0
360,Scott Matlock,LAC,RB,0.0,0.0,0.0,0.0,0.0,0.0,0.0,0.0,1.87,14.13,0.07
361,Devin Culp,TB,TE,0.0,0.0,0.0,0.0,0.0,0.0,0.0,0.0,3.53,37.13,0.37
362,Jaylin Lane,WAS,WR,0.0,0.0,0.0,0.0,0.0,0.0,0.0,0.0,18.8,240.27,1.3
363,Calvin Ridley,TEN,WR,0.0,0.0,0.0,0.0,0.0,7.0,41.87,0.17,64.47,953.87,5.67
364,Jaylen Wright,MIA,RB,0.0,0.0,0.0,0.0,0.0,79.33,323.0,1.97,15.8,102.2,0.6
365,Tommy Tremble,CAR,TE,0.0,0.0,0.0,0.0,0.0,0.0,0.0,0.0,26.4,239.47,1.73
366,Mecole Hardman,GB,WR,0.0,0.0,0.0,0.0,0.0,1.67,8.0,0.1,2.87,32.13,0.2
367,Trey Palmer,TB,WR,0.0,0.0,0.0,0.0,0.0,0.0,0.0,0.0,4.8,58.87,0.27
368,Casey Washington,ATL,WR,0.0,0.0,0.0,0.0,0.0,0.0,0.0,0.0,8.47,115.33,0.63
369,Derius Davis,LAC,WR,0.0,0.0,0.0,0.0,0.0,6.4,31.93,0.13,5.47,51.33,0.33
370,Blake Watson,DEN,RB,0.0,0.0,0.0,0.0,0.0,0.0,0.0,0.0,0.0,3.0,0.4
371,Josh Downs,IND,WR,0.0,0.0,0.0,0.0,0.0,0.6,3.47,0.0,71.07,793.8,4.2
372,Derrick Henry,BAL,RB,0.0,0.0,0.0,0.0,0.0,266.4,1379.13,11.63,16.73,150.27,1.0
373,Nick Chubb,HOU,RB,0.0,0.0,0.0,0.0,0.0,105.4,407.73,3.8,11.6,82.67,0.37
374,Konata Mumpfield,LAR,WR,0.0,0.0,0.0,0.0,0.0,0.0,0.0,0.0,11.0,142.0,0.6
375,Eric Gray,NYG,RB,0.0,0.0,0.0,0.0,0.0,7.2,25.07,0.27,1.27,8.67,0.07
376,De'Von Achane,MIA,RB,0.0,0.0,0.0,0.0,0.0,191.13,885.2,7.37,66.8,514.67,3.4
377,Kyle Williams,NWE,WR,0.0,0.0,0.0,0.0,0.0,0.0,0.0,0.0,32.33,393.73,2.3
378,Tyler Badie,DEN,RB,0.0,0.0,0.0,0.0,0.0,17.53,75.27,0.4,3.87,23.4,0.2
379,Brandin Cooks,NOR,WR,0.0,0.0,0.0,0.0,0.0,0.0,0.0,0.0,19.33,215.87,1.4
380,Lance McCutcheon,PIT,WR,0.0,0.0,0.0,0.0,0.0,0.0,0.0,0.0,1.0,10.0,0.1
381,Keon Coleman,BUF,WR,0.0,0.0,0.0,0.0,0.0,0.33,2.0,0.0,39.07,584.4,4.9
382,Jacory Croskey-Merritt,WAS,RB,0.0,0.0,0.0,0.0,0.0,131.13,633.33,5.13,15.73,125.13,0.67
383,Tyler Conklin,LAC,TE,0.0,0.0,0.0,0.0,0.0,0.0,0.0,0.0,26.07,249.93,1.63
384,Jordan Whittington,LAR,WR,0.0,0.0,0.0,0.0,0.0,1.13,6.93,0.03,20.13,232.27,1.17
385,Dameon Pierce,HOU,RB,0.0,0.0,0.0,0.0,0.0,25.0,107.13,0.57,2.6,19.8,0.07
386,Miles Sanders,DAL,RB,0.0,0.0,0.0,0.0,0.0,92.6,361.47,2.67,18.0,110.27,0.67
387,Kyle Monangai,CHI,RB,0.0,0.0,0.0,0.0,0.0,52.93,229.07,1.67,13.93,103.73,0.47
388,Ty Chandler,MIN,RB,0.0,0.0,0.0,0.0,0.0,21.2,82.6,0.37,2.87,20.93,0.13
389,Dare Ogunbowale,HOU,RB,0.0,0.0,0.0,0.0,0.0,13.73,53.73,0.3,11.6,98.53,0.63
390,Xavier Weaver,ARZ,WR,0.0,0.0,0.0,0.0,0.0,0.0,0.0,0.0,3.2,43.2,0.23
391,TreVeyon Henderson,NWE,RB,0.0,0.0,0.0,0.0,0.0,176.0,793.13,5.33,35.47,287.2,1.73
392,Mark Andrews,BAL,TE,0.0,0.0,0.0,0.0,0.0,6.0,15.4,0.13,53.07,682.87,5.4
393,Michael Gallup,WAS,WR,0.0,0.0,0.0,0.0,0.0,0.0,0.0,0.0,1.0,10.87,0.1
394,Kevin Austin,NOR,WR,0.0,0.0,0.0,0.0,0.0,1.33,10.0,0.0,0.6,6.47,0.0
395,Jalin Hyatt,NYG,WR,0.0,0.0,0.0,0.0,0.0,0.0,0.0,0.0,10.8,136.93,0.73
396,Davante Adams,LAR,WR,0.0,0.0,0.0,0.0,0.0,0.0,0.0,0.0,80.0,982.0,7.17
397,Isaiah Bond,CLE,WR,0.0,0.0,0.0,0.0,0.0,0.0,0.0,0.0,12.9,171.3,0.7
398,Erik Ezukanma,MIA,WR,0.0,0.0,0.0,0.0,0.0,0.0,0.0,0.0,2.27,29.53,0.17
399,Rashid Shaheed,NOR,WR,0.0,0.0,0.0,0.0,0.0,7.93,51.6,0.17,46.93,678.27,3.83
400,Adam Thielen,CAR,WR,0.0,0.0,0.0,0.0,0.0,0.0,0.0,0.0,51.47,584.47,3.63
401,DJ Giddens,IND,RB,0.0,0.0,0.0,0.0,0.0,52.73,230.8,1.43,10.53,83.2,0.33
402,Julian Hill,MIA,TE,0.0,0.0,0.0,0.0,0.0,0.0,0.0,0.0,16.4,148.8,1.07
403,Cedrick Wilson,NOR,WR,0.0,0.0,0.0,0.0,0.0,0.0,0.0,0.0,5.0,59.0,0.27
404,George Kittle,SF,TE,0.0,0.0,0.0,0.0,0.0,0.0,0.0,0.0,67.87,989.93,6.2
405,Frank Gore Jr.,BUF,RB,0.0,0.0,0.0,0.0,0.0,5.7,23.6,0.1,1.1,8.2,0.0
406,Emani Bailey,CAR,RB,0.0,0.0,0.0,0.0,0.0,3.3,13.7,0.1,0.2,1.8,0.0
407,Tim Jones,MIN,WR,0.0,0.0,0.0,0.0,0.0,0.0,0.0,0.0,2.6,30.13,0.13
408,David Montgomery,DET,RB,0.0,0.0,0.0,0.0,0.0,172.47,723.6,9.3,31.87,247.73,0.63
409,Kenneth Gainwell,PIT,RB,0.0,0.0,0.0,0.0,0.0,53.47,220.73,1.4,22.07,158.07,0.8
410,Javon Baker,NWE,WR,0.0,0.0,0.0,0.0,0.0,0.0,0.0,0.0,1.0,9.0,0.0
411,Tanner Conner,MIA,TE,0.0,0.0,0.0,0.0,0.0,0.0,0.0,0.0,3.53,34.13,0.27
412,Travis Hunter,JAX,WR,0.0,0.0,0.0,0.0,0.0,2.0,0.0,0.03,70.47,885.53,4.83
413,Jarquez Hunter,LAR,RB,0.0,0.0,0.0,0.0,0.0,41.07,177.27,1.43,6.67,47.67,0.23
414,E.J. Jenkins,PHI,TE,0.0,0.0,0.0,0.0,0.0,0.0,0.0,0.0,0.0,3.0,0.2
415,Jamal Agnew,ATL,WR,0.0,0.0,0.0,0.0,0.0,0.0,0.0,0.0,2.0,22.0,0.1
416,Darius Cooper,PHI,WR,0.0,0.0,0.0,0.0,0.0,0.0,0.0,0.0,2.93,33.2,0.13
417,Tyrone Tracy,NYG,RB,0.0,0.0,0.0,0.0,0.0,167.4,733.47,3.97,29.73,217.13,1.17
418,Skyy Moore,SF,WR,0.0,0.0,0.0,0.0,0.0,0.0,0.0,0.0,5.87,62.8,0.33
419,Van Jefferson,TEN,WR,0.0,0.0,0.0,0.0,0.0,0.0,0.0,0.0,27.07,344.53,2.2
420,Amon-Ra St. Brown,DET,WR,0.0,0.0,0.0,0.0,0.0,1.67,10.07,0.07,88.33,1082.07,7.33
421,Stephen Carlson,CHI,TE,0.0,0.0,0.0,0.0,0.0,0.0,0.0,0.0,0.47,4.27,0.03
422,Hunter Renfrow,CAR,WR,0.0,0.0,0.0,0.0,0.0,0.0,0.0,0.0,13.0,145.73,0.8
423,Tyquan Thornton,KAN,WR,0.0,0.0,0.0,0.0,0.0,0.0,0.0,0.0,7.13,90.93,0.57
424,Jack Stoll,NOR,TE,0.0,0.0,0.0,0.0,0.0,0.0,0.0,0.0,4.0,43.0,0.2
425,David Moore,CAR,WR,0.0,0.0,0.0,0.0,0.0,0.0,0.0,0.0,3.13,36.87,0.3
426,Nikko Remigio,KAN,WR,0.0,0.0,0.0,0.0,0.0,0.0,0.0,0.0,0.67,8.2,0.03
427,AJ Dillon,PHI,RB,0.0,0.0,0.0,0.0,0.0,48.2,200.13,1.5,3.2,23.33,0.13
428,Jerome Ford,CLE,RB,0.0,0.0,0.0,0.0,0.0,121.33,529.47,2.97,24.93,167.6,0.63
429,Tyjae Spears,TEN,RB,0.0,0.0,0.0,0.0,0.0,110.13,465.53,3.5,34.53,259.07,1.3
430,Cedric Tillman,CLE,WR,0.0,0.0,0.0,0.0,0.0,0.67,3.33,0.0,50.4,616.47,3.3
431,Terrace Marshall Jr.,PHI,WR,0.0,0.0,0.0,0.0,0.0,0.0,0.0,0.0,1.0,9.0,0.0
432,Ihmir Smith-Marsette,NYG,WR,0.0,0.0,0.0,0.0,0.0,0.0,0.0,0.0,3.2,39.07,0.23
433,Dallas Goedert,PHI,TE,0.0,0.0,0.0,0.0,0.0,0.67,4.0,0.07,62.67,695.13,3.77
434,Antonio Gibson,NWE,RB,0.0,0.0,0.0,0.0,0.0,46.27,195.73,0.87,9.93,81.0,0.2
435,Dalton Kincaid,BUF,TE,0.0,0.0,0.0,0.0,0.0,0.0,0.0,0.0,52.47,551.6,4.37
436,George Pickens,DAL,WR,0.0,0.0,0.0,0.0,0.0,0.67,5.33,0.0,68.33,982.8,6.67
437,Emeka Egbuka,TB,WR,0.0,0.0,0.0,0.0,0.0,0.33,0.0,0.0,56.2,711.8,4.13
438,Blake Corum,LAR,RB,0.0,0.0,0.0,0.0,0.0,82.33,330.87,2.6,9.4,59.13,0.2
439,Zaire Mitchell-Paden,BAL,TE,0.0,0.0,0.0,0.0,0.0,0.0,0.0,0.0,0.8,7.8,0.1
440,Khalil Shakir,BUF,WR,0.0,0.0,0.0,0.0,0.0,1.07,8.67,0.03,67.73,755.6,4.53
441,Justice Hill,BAL,RB,0.0,0.0,0.0,0.0,0.0,46.0,212.73,1.03,31.0,264.6,1.53
442,Grant Calcaterra,PHI,TE,0.0,0.0,0.0,0.0,0.0,0.0,0.0,0.0,15.13,149.2,0.7
443,Joshua Palmer,BUF,WR,0.0,0.0,0.0,0.0,0.0,0.0,0.0,0.0,39.73,556.13,4.33
444,Javonte Williams,DAL,RB,0.0,0.0,0.0,0.0,0.0,121.53,461.2,3.53,32.53,208.33,1.07
445,Dawson Knox,BUF,TE,0.0,0.0,0.0,0.0,0.0,0.0,0.0,0.0,20.47,228.67,1.87
446,AJ Barner,SEA,TE,0.0,0.0,0.0,0.0,0.0,0.0,0.0,0.0,38.0,364.07,2.63
447,Dante Pettis,NOR,WR,0.0,0.0,0.0,0.0,0.0,0.0,0.0,0.0,3.0,38.0,0.4
448,Tahj Brooks,CIN,RB,0.0,0.0,0.0,0.0,0.0,79.8,345.33,2.67,6.27,50.33,0.27
449,A.J. Brown,PHI,WR,0.0,0.0,0.0,0.0,0.0,0.0,0.0,0.0,80.07,1189.4,6.8
450,Ollie Gordon,MIA,RB,0.0,0.0,0.0,0.0,0.0,81.73,348.93,2.17,14.07,101.8,0.53
451,Lucas Krull,DEN,TE,0.0,0.0,0.0,0.0,0.0,0.0,0.0,0.0,4.8,43.27,0.23
452,Sam LaPorta,DET,TE,0.0,0.0,0.0,0.0,0.0,0.0,0.0,0.0,66.07,727.53,5.87
453,Ty Johnson,BUF,RB,0.0,0.0,0.0,0.0,0.0,62.93,288.07,1.63,20.6,193.6,1.4
454,Brady Russell,SEA,TE,0.0,0.0,0.0,0.0,0.0,0.0,0.0,0.0,1.0,10.7,0.1
455,Ryan Flournoy,DAL,WR,0.0,0.0,0.0,0.0,0.0,0.0,0.0,0.0,1.8,19.8,0.07
456,Tetairoa McMillan,CAR,WR,0.0,0.0,0.0,0.0,0.0,0.0,0.0,0.0,73.47,906.0,5.53
457,Jameson Williams,DET,WR,0.0,0.0,0.0,0.0,0.0,10.93,80.93,0.3,58.73,901.4,5.33
458,Trenton Irwin,JAX,WR,0.0,0.0,0.0,0.0,0.0,0.0,0.0,0.0,1.0,11.0,0.6
459,Oronde Gadsden,LAC,TE,0.0,0.0,0.0,0.0,0.0,0.0,0.0,0.0,19.4,198.33,1.23
460,Beaux Collins,NYG,WR,0.0,0.0,0.0,0.0,0.0,0.0,0.0,0.0,5.73,71.2,0.4
461,Jakobi Meyers,LVR,WR,0.0,0.0,0.0,0.0,0.0,1.0,7.33,0.03,76.8,925.93,5.3
462,Bucky Irving,TB,RB,0.0,0.0,0.0,0.0,0.0,227.93,1131.4,8.47,42.53,348.07,1.97
463,Colby Parkinson,LAR,TE,0.0,0.0,0.0,0.0,0.0,0.0,0.0,0.0,10.87,102.0,0.77
464,Sterling Shepard,TB,WR,0.0,0.0,0.0,0.0,0.0,1.0,5.33,0.1,12.73,132.87,0.83
465,Christian Kirk,HOU,WR,0.0,0.0,0.0,0.0,0.0,0.0,0.0,0.0,46.2,591.4,3.53
466,Zach Davidson,BUF,TE,0.0,0.0,0.0,0.0,0.0,0.0,0.0,0.0,1.07,9.4,0.2
467,Jaret Patterson,LAC,RB,0.0,0.0,0.0,0.0,0.0,2.0,8.0,0.1,0.0,3.0,0.0
468,Audric Estime,DEN,RB,0.0,0.0,0.0,0.0,0.0,12.87,54.27,0.33,2.53,16.13,0.07
469,Luke Schoonmaker,DAL,TE,0.0,0.0,0.0,0.0,0.0,0.0,0.0,0.0,18.33,175.07,1.1
470,Jaylen Warren,PIT,RB,0.0,0.0,0.0,0.0,0.0,153.4,665.67,3.97,41.13,299.67,1.77
471,Ladd McConkey,LAC,WR,0.0,0.0,0.0,0.0,0.0,0.0,0.0,0.0,83.27,1194.73,6.4
472,KaVontae Turpin,DAL,WR,0.0,0.0,0.0,0.0,0.0,25.33,154.13,1.07,35.33,446.13,2.8
473,Durham Smythe,CHI,TE,0.0,0.0,0.0,0.0,0.0,0.0,0.0,0.0,6.67,52.2,0.5
474,Tyler Allgeier,ATL,RB,0.0,0.0,0.0,0.0,0.0,130.67,576.93,3.53,12.27,95.47,0.4
475,Marquez Valdes-Scantling,SEA,WR,0.0,0.0,0.0,0.0,0.0,0.0,0.0,0.0,16.07,268.93,1.47
476,Payne Durham,TB,TE,0.0,0.0,0.0,0.0,0.0,0.0,0.0,0.0,9.13,97.6,0.7
477,Ronnie Rivers,LAR,RB,0.0,0.0,0.0,0.0,0.0,9.47,38.07,0.2,0.67,4.6,0.0
478,Noah Gray,KAN,TE,0.0,0.0,0.0,0.0,0.0,0.53,1.07,0.07,28.2,296.87,2.23
479,Xavier Worthy,KAN,WR,0.0,0.0,0.0,0.0,0.0,13.53,79.73,0.5,71.4,885.87,6.27
480,Rico Dowdle,CAR,RB,0.0,0.0,0.0,0.0,0.0,90.6,390.2,2.0,21.53,142.4,0.93
481,Olamide Zaccheaus,CHI,WR,0.0,0.0,0.0,0.0,0.0,0.33,2.67,0.0,28.93,330.87,1.97
482,Mack Hollins,NWE,WR,0.0,0.0,0.0,0.0,0.0,0.0,0.0,0.0,23.07,292.87,1.9
483,Zamir White,LVR,RB,0.0,0.0,0.0,0.0,0.0,14.27,50.53,0.17,4.6,31.93,0.1
484,Jalen Brooks,DAL,WR,0.0,0.0,0.0,0.0,0.0,0.0,0.0,0.0,2.6,31.73,0.23
485,CJ Ham,MIN,RB,0.0,0.0,0.0,0.0,0.0,1.07,3.0,0.03,6.33,41.53,0.13
486,Diontae Johnson,CLE,WR,0.0,0.0,0.0,0.0,0.0,0.53,2.93,0.0,19.53,224.07,1.3
487,Khalil Herbert,IND,RB,0.0,0.0,0.0,0.0,0.0,24.2,104.87,0.63,5.8,39.27,0.13
488,Jermaine Burton,CIN,WR,0.0,0.0,0.0,0.0,0.0,0.0,0.0,0.0,11.13,160.53,1.27
489,Keaton Mitchell,BAL,RB,0.0,0.0,0.0,0.0,0.0,61.8,289.0,1.6,8.2,64.93,0.37
490,Mike Burton,DEN,RB,0.0,0.0,0.0,0.0,0.0,4.0,10.0,0.4,5.0,38.0,0.4
491,Chris Moore,WAS,WR,0.0,0.0,0.0,0.0,0.0,0.0,0.0,0.0,0.0,4.0,0.0
492,RJ Harvey,DEN,RB,0.0,0.0,0.0,0.0,0.0,173.47,770.47,5.33,44.93,339.07,2.0
493,Jackson Hawes,BUF,TE,0.0,0.0,0.0,0.0,0.0,0.0,0.0,0.0,1.4,14.0,0.1
494,Calvin Austin,PIT,WR,0.0,0.0,0.0,0.0,0.0,0.0,0.0,0.0,37.73,501.8,3.03
495,Pat Bryant,DEN,WR,0.0,0.0,0.0,0.0,0.0,0.0,0.0,0.0,28.73,359.8,1.97
496,Kenneth Walker,SEA,RB,0.0,0.0,0.0,0.0,0.0,220.27,921.33,8.5,44.2,327.27,1.87
497,KeAndre Lambert-Smith,LAC,WR,0.0,0.0,0.0,0.0,0.0,0.0,0.0,0.0,11.4,142.6,0.73
498,Zavier Scott,MIN,RB,0.0,0.0,0.0,0.0,0.0,14.33,60.6,0.37,1.67,11.73,0.03
499,Jeremy McNichols,WAS,RB,0.0,0.0,0.0,0.0,0.0,22.93,97.8,0.53,9.93,71.13,0.4
500,Tyler Higbee,LAR,TE,0.0,0.0,0.0,0.0,0.0,0.0,0.0,0.0,38.93,354.67,3.07
501,Brandon Aiyuk,SF,WR,0.0,0.0,0.0,0.0,0.0,0.0,0.0,0.0,32.13,445.4,2.5
502,Wan'Dale Robinson,NYG,WR,0.0,0.0,0.0,0.0,0.0,1.73,12.67,0.03,63.33,593.87,3.5
503,Kyren Williams,LAR,RB,0.0,0.0,0.0,0.0,0.0,241.13,1038.13,9.53,26.8,160.87,1.5
504,Ainias Smith,PHI,WR,0.0,0.0,0.0,0.0,0.0,1.27,5.93,0.07,3.2,32.53,0.2
505,Feleipe Franks,ATL,TE,0.0,0.0,0.0,0.0,0.0,0.0,0.0,0.0,1.73,17.73,0.1
506,Braelon Allen,NYJ,RB,0.0,0.0,0.0,0.0,0.0,103.53,425.93,2.8,15.67,117.93,0.43
507,Gunnar Helm,TEN,TE,0.0,0.0,0.0,0.0,0.0,0.0,0.0,0.0,26.6,265.53,1.6
508,Davis Allen,LAR,TE,0.0,0.0,0.0,0.0,0.0,0.0,0.0,0.0,1.6,13.07,0.27
509,Rashod Bateman,BAL,WR,0.0,0.0,0.0,0.0,0.0,0.0,0.0,0.0,37.4,599.87,3.57
510,Luke Lachey,HOU,TE,0.0,0.0,0.0,0.0,0.0,0.0,0.0,0.0,1.73,18.67,0.13
511,David Martin-Robinson,TEN,TE,0.0,0.0,0.0,0.0,0.0,0.0,0.0,0.0,3.47,34.67,0.2
512,Alec Pierce,IND,WR,0.0,0.0,0.0,0.0,0.0,0.0,0.0,0.0,33.67,493.73,2.63
513,Avery Williams,PHI,RB,0.0,0.0,0.0,0.0,0.0,0.0,2.0,0.0,1.0,7.0,0.1
514,Travis Etienne,JAX,RB,0.0,0.0,0.0,0.0,0.0,98.67,378.8,2.57,27.93,204.0,0.93
515,Isaiah Williams,CIN,WR,0.0,0.0,0.0,0.0,0.0,0.0,0.0,0.0,0.87,10.47,0.07
516,Jaydon Blue,DAL,RB,0.0,0.0,0.0,0.0,0.0,105.93,462.73,3.07,14.73,110.13,0.7
517,Harrison Bryant,HOU,TE,0.0,0.0,0.0,0.0,0.0,0.0,0.0,0.0,6.47,62.47,0.37
518,Jauan Jennings,SF,WR,0.0,0.0,0.0,0.0,0.0,0.0,0.0,0.0,65.8,846.47,5.13
519,Jake Ferguson,DAL,TE,0.0,0.0,0.0,0.0,0.0,0.0,0.0,0.0,58.6,560.0,4.13
520,Kalel Mullings,TEN,RB,0.0,0.0,0.0,0.0,0.0,13.53,57.27,0.4,1.13,9.2,0.07
521,Chuba Hubbard,CAR,RB,0.0,0.0,0.0,0.0,0.0,215.93,962.87,8.47,36.53,209.53,1.4
522,Moliki Matavao,NOR,TE,0.0,0.0,0.0,0.0,0.0,0.0,0.0,0.0,1.0,10.0,0.0
523,Ja'Marr Chase,CIN,WR,0.0,0.0,0.0,0.0,0.0,4.27,24.33,0.1,107.87,1395.2,10.0
524,JuJu Smith-Schuster,KAN,WR,0.0,0.0,0.0,0.0,0.0,0.0,0.0,0.0,21.53,239.87,1.57
525,DJ Moore,CHI,WR,0.0,0.0,0.0,0.0,0.0,10.4,49.2,0.27,75.87,879.2,5.73
526,Brock Wright,DET,TE,0.0,0.0,0.0,0.0,0.0,0.0,0.0,0.0,10.73,102.6,0.83
527,Drake London,ATL,WR,0.0,0.0,0.0,0.0,0.0,1.6,4.73,0.07,90.47,1185.93,8.13
528,Jalen McMillan,TB,WR,0.0,0.0,0.0,0.0,0.0,1.67,8.67,0.07,16.33,207.73,1.33
529,Mason Kinsey,TEN,WR,0.0,0.0,0.0,0.0,0.0,0.0,0.0,0.0,3.0,39.0,0.2
530,Jake Tonges,SF,TE,0.0,0.0,0.0,0.0,0.0,0.0,0.0,0.0,0.0,4.0,0.0
531,Gunner Olszewski,NYG,WR,0.0,0.0,0.0,0.0,0.0,0.0,0.0,0.0,0.0,4.0,0.0
532,Dominic Lovett,DET,WR,0.0,0.0,0.0,0.0,0.0,0.0,0.0,0.0,0.0,4.0,0.0
533,Steven Sims Jr.,SEA,WR,0.0,0.0,0.0,0.0,0.0,0.0,0.0,0.0,1.0,10.0,0.0
534,Garrett Wilson,NYJ,WR,0.0,0.0,0.0,0.0,0.0,1.27,8.13,0.0,79.4,982.2,5.6
535,Woody Marks,HOU,RB,0.0,0.0,0.0,0.0,0.0,98.87,417.4,2.8,23.13,178.33,0.93
536,Carson Steele,KAN,RB,0.0,0.0,0.0,0.0,0.0,7.0,26.33,0.2,1.67,10.2,0.07
537,Theo Johnson,NYG,TE,0.0,0.0,0.0,0.0,0.0,0.0,0.0,0.0,47.13,521.0,2.83
538,Ashton Dulin,IND,WR,0.0,0.0,0.0,0.0,0.0,2.67,19.67,0.0,3.67,46.0,0.27
539,Rashee Rice,KAN,WR,0.0,0.0,0.0,0.0,0.0,1.13,3.93,0.0,56.33,678.53,3.77
540,Dalton Schultz,HOU,TE,0.0,0.0,0.0,0.0,0.0,0.0,0.0,0.0,47.0,479.13,2.77
541,Zach Ertz,WAS,TE,0.0,0.0,0.0,0.0,0.0,0.0,0.0,0.0,54.67,529.73,5.07
542,Cade Stover,HOU,TE,0.0,0.0,0.0,0.0,0.0,0.0,0.0,0.0,20.87,195.13,1.27
543,Jelani Woods,IND,TE,0.0,0.0,0.0,0.0,0.0,0.0,0.0,0.0,0.0,4.0,0.0
544,Jayden Higgins,HOU,WR,0.0,0.0,0.0,0.0,0.0,0.0,0.0,0.0,48.13,608.67,3.2
545,Caleb Lohner,DEN,TE,0.0,0.0,0.0,0.0,0.0,0.0,0.0,0.0,0.0,4.0,0.0
546,Isaiah Likely,BAL,TE,0.0,0.0,0.0,0.0,0.0,0.0,0.0,0.0,33.47,410.33,3.27
547,Tai Felton,MIN,WR,0.0,0.0,0.0,0.0,0.0,0.0,0.0,0.0,8.73,105.4,0.57
548,Patrick Ricard,BAL,RB,0.0,0.0,0.0,0.0,0.0,0.0,0.0,0.0,1.33,11.13,0.2
549,T.J. Hockenson,MIN,TE,0.0,0.0,0.0,0.0,0.0,0.0,0.0,0.0,61.8,664.07,3.53
550,Andrew Beck,NYJ,RB,0.0,0.0,0.0,0.0,0.0,1.2,3.13,0.07,1.13,10.47,0.0
551,Isaiah Hodgins,SF,WR,0.0,0.0,0.0,0.0,0.0,0.0,0.0,0.0,1.0,11.0,0.0
552,Juwan Johnson,NOR,TE,0.0,0.0,0.0,0.0,0.0,0.0,0.0,0.0,42.67,447.0,2.67
553,Xavier Smith,LAR,WR,0.0,0.0,0.0,0.0,0.0,0.0,0.0,0.0,1.93,20.87,0.1
554,Ricky Pearsall,SF,WR,0.0,0.0,0.0,0.0,0.0,4.27,24.13,0.13,56.4,741.53,4.47
555,Dee Eskridge,MIA,WR,0.0,0.0,0.0,0.0,0.0,0.0,0.0,0.0,3.73,45.07,0.2
556,Daniel Bellinger,NYG,TE,0.0,0.0,0.0,0.0,0.0,0.0,0.0,0.0,7.4,76.27,0.43
557,Robert Woods,PIT,WR,0.0,0.0,0.0,0.0,0.0,0.0,0.0,0.0,6.0,65.07,0.37
558,J.K. Dobbins,DEN,RB,0.0,0.0,0.0,0.0,0.0,92.93,406.87,2.63,18.2,105.47,0.77
559,Eric Saubert,SEA,TE,0.0,0.0,0.0,0.0,0.0,0.0,0.0,0.0,7.2,71.07,0.57
560,Irv Smith,HOU,TE,0.0,0.0,0.0,0.0,0.0,0.0,0.0,0.0,0.6,4.5,0.0
561,Pharaoh Brown,MIA,TE,0.0,0.0,0.0,0.0,0.0,0.0,0.0,0.0,7.4,71.0,0.4
562,Cole Kmet,CHI,TE,0.0,0.0,0.0,0.0,0.0,0.33,1.33,0.0,25.8,266.0,1.97
563,Elijah Mitchell,KAN,RB,0.0,0.0,0.0,0.0,0.0,19.93,82.27,0.57,6.27,42.87,0.27
564,Michael Mayer,LVR,TE,0.0,0.0,0.0,0.0,0.0,0.0,0.0,0.0,34.07,327.47,1.97
565,Austin Hooper,NWE,TE,0.0,0.0,0.0,0.0,0.0,0.0,0.0,0.0,25.27,264.0,1.67
566,Kenny Yeboah,DET,TE,0.0,0.0,0.0,0.0,0.0,0.0,0.0,0.0,0.2,2.0,0.0
567,Ray Davis,BUF,RB,0.0,0.0,0.0,0.0,0.0,110.67,478.0,3.37,11.2,90.4,0.5
568,Jordan James,SF,RB,0.0,0.0,0.0,0.0,0.0,13.93,63.67,0.43,2.6,19.27,0.1
569,Michael Carter,ARZ,RB,0.0,0.0,0.0,0.0,0.0,2.73,11.53,0.1,1.4,9.2,0.0
570,Courtland Sutton,DEN,WR,0.0,0.0,0.0,0.0,0.0,0.0,0.0,0.0,69.8,935.47,7.7
571,Connor Heyward,PIT,TE,0.0,0.0,0.0,0.0,0.0,0.0,0.0,0.0,2.6,22.6,0.17
572,Tim Patrick,DET,WR,0.0,0.0,0.0,0.0,0.0,0.0,0.0,0.0,28.8,360.2,2.17
573,Laquon Treadwell,IND,WR,0.0,0.0,0.0,0.0,0.0,0.0,0.0,0.0,0.4,4.6,0.0
574,Joe Mixon,HOU,RB,0.0,0.0,0.0,0.0,0.0,125.73,533.4,4.47,20.13,158.0,0.83
575,Sincere McCormick,LVR,RB,0.0,0.0,0.0,0.0,0.0,33.67,147.8,0.8,7.33,48.07,0.23
576,Dante Miller,NYG,RB,0.0,0.0,0.0,0.0,0.0,1.2,4.8,0.0,0.1,0.9,0.0
577,Ashton Jeanty,LVR,RB,0.0,0.0,0.0,0.0,0.0,252.87,1167.47,8.87,46.6,376.4,2.0
578,Ben Skowronek,PIT,WR,0.0,0.0,0.0,0.0,0.0,0.0,0.0,0.0,4.13,47.4,0.23
579,Tyreek Hill,MIA,WR,0.0,0.0,0.0,0.0,0.0,5.87,42.33,0.13,84.2,1050.27,6.7
580,Will Shipley,PHI,RB,0.0,0.0,0.0,0.0,0.0,81.33,388.07,2.43,11.07,82.4,0.43
581,Evan Engram,DEN,TE,0.0,0.0,0.0,0.0,0.0,1.33,5.67,0.03,66.0,597.27,3.9
582,DeMario Douglas,NWE,WR,0.0,0.0,0.0,0.0,0.0,1.67,9.27,0.03,45.47,472.33,2.47
583,Puka Nacua,LAR,WR,0.0,0.0,0.0,0.0,0.0,12.27,68.27,0.53,104.2,1326.93,7.07
584,Jayden Reed,GB,WR,0.0,0.0,0.0,0.0,0.0,8.53,57.87,0.17,45.93,628.0,4.33
585,Elijah Higgins,ARZ,TE,0.0,0.0,0.0,0.0,0.0,0.0,0.0,0.0,18.53,180.87,1.1
586,Kayshon Boutte,NWE,WR,0.0,0.0,0.0,0.0,0.0,0.0,0.0,0.0,17.0,223.07,1.27
587,Christian McCaffrey,SF,RB,0.0,0.0,0.0,0.0,0.0,214.67,971.67,7.5,59.53,532.47,2.9
588,Collin Johnson,LVR,WR,0.0,0.0,0.0,0.0,0.0,0.0,0.0,0.0,1.0,12.0,0.0
589,Mason Taylor,NYJ,TE,0.0,0.0,0.0,0.0,0.0,0.0,0.0,0.0,42.8,444.93,2.3
590,LeQuint Allen,JAX,RB,0.0,0.0,0.0,0.0,0.0,9.53,40.53,0.23,5.2,37.87,0.17
591,Tre Harris,LAC,WR,0.0,0.0,0.0,0.0,0.0,0.0,0.0,0.0,24.4,300.07,1.73
592,Jamari Thrash,CLE,WR,0.0,0.0,0.0,0.0,0.0,0.0,0.0,0.0,28.73,304.87,1.63
593,Anthony Miller,BAL,WR,0.0,0.0,0.0,0.0,0.0,0.0,0.0,0.0,4.0,48.0,0.1
594,CeeDee Lamb,DAL,WR,0.0,0.0,0.0,0.0,0.0,9.27,64.27,0.2,96.13,1207.33,7.97
595,Mitchell Tinsley,CIN,WR,0.0,0.0,0.0,0.0,0.0,0.0,0.0,0.0,3.0,40.0,0.3
596,Brevyn Spann-Ford,DAL,TE,0.0,0.0,0.0,0.0,0.0,0.0,0.0,0.0,6.27,59.07,0.4
597,Tommy Mellott,LVR,WR,0.0,0.0,0.0,0.0,0.0,0.0,0.0,0.0,1.73,19.0,0.1
598,Tyrell Shavers,BUF,WR,0.0,0.0,0.0,0.0,0.0,0.0,0.0,0.0,2.0,32.0,0.2
599,Tylan Wallace,BAL,WR,0.0,0.0,0.0,0.0,0.0,0.0,0.0,0.0,9.47,127.13,0.63
600,Kendre Miller,NOR,RB,0.0,0.0,0.0,0.0,0.0,88.93,367.33,2.63,14.87,112.4,0.4
601,Cam Akers,NOR,RB,0.0,0.0,0.0,0.0,0.0,28.1,116.3,0.5,5.1,36.9,0.1
602,Arian Smith,NYJ,WR,0.0,0.0,0.0,0.0,0.0,0.0,0.0,0.0,17.2,210.53,0.97
603,Kendrick Bourne,NWE,WR,0.0,0.0,0.0,0.0,0.0,2.0,10.0,0.0,13.0,146.0,0.5
604,Darrynton Evans,BUF,RB,0.0,0.0,0.0,0.0,0.0,3.2,10.6,0.07,1.53,12.33,0.1
605,Brock Bowers,LVR,TE,0.0,0.0,0.0,0.0,0.0,0.67,4.33,0.03,93.33,1047.0,5.57
606,Tutu Atwell,LAR,WR,0.0,0.0,0.0,0.0,0.0,0.73,6.07,0.03,39.87,506.8,2.53
607,Efton Chism III,NWE,WR,0.0,0.0,0.0,0.0,0.0,0.0,0.0,0.0,5.4,64.8,0.4
608,Jordan Watkins,SF,WR,0.0,0.0,0.0,0.0,0.0,0.0,0.0,0.0,3.07,41.07,0.23
609,Tez Johnson,TB,WR,0.0,0.0,0.0,0.0,0.0,0.0,0.0,0.0,2.0,22.0,0.1
610,Josh Reynolds,NYJ,WR,0.0,0.0,0.0,0.0,0.0,0.0,0.0,0.0,33.93,441.0,2.33
611,Evan Hull,PIT,RB,0.0,0.0,0.0,0.0,0.0,10.1,25.9,0.2,0.8,5.7,0.0
612,Tyler Johnson,NYJ,WR,0.0,0.0,0.0,0.0,0.0,0.0,0.0,0.0,14.07,147.2,0.97
613,Braxton Berrios,HOU,WR,0.0,0.0,0.0,0.0,0.0,0.0,0.0,0.0,2.0,20.0,0.2
614,Isaac Guerendo,SF,RB,0.0,0.0,0.0,0.0,0.0,42.8,198.33,1.13,5.6,50.4,0.07
615,Isiah Pacheco,KAN,RB,0.0,0.0,0.0,0.0,0.0,189.2,790.8,6.03,30.93,196.6,1.2
616,Johnny Mundt,JAX,TE,0.0,0.0,0.0,0.0,0.0,0.0,0.0,0.0,9.87,88.47,0.57
617,Nick Westbrook,MIA,WR,0.0,0.0,0.0,0.0,0.0,0.0,0.0,0.0,29.8,393.87,2.4
618,Tre Tucker,LVR,WR,0.0,0.0,0.0,0.0,0.0,5.27,31.4,0.2,29.6,351.6,1.93
619,Tee Higgins,CIN,WR,0.0,0.0,0.0,0.0,0.0,0.0,0.0,0.0,81.33,1077.13,8.2
620,Devin Neal,NOR,RB,0.0,0.0,0.0,0.0,0.0,33.2,135.07,0.77,5.0,37.73,0.1
621,Jashaun Corbin,ATL,RB,0.0,0.0,0.0,0.0,0.0,16.27,77.73,0.43,0.73,4.93,0.0
622,Adam Prentice,DEN,RB,0.0,0.0,0.0,0.0,0.0,0.0,1.0,0.0,1.0,7.0,0.0
623,DeAndre Hopkins,BAL,WR,0.0,0.0,0.0,0.0,0.0,0.0,0.0,0.0,29.8,360.4,2.6
624,Ricky White,SEA,WR,0.0,0.0,0.0,0.0,0.0,0.0,0.0,0.0,1.0,11.0,0.0
625,Jalen Royals,KAN,WR,0.0,0.0,0.0,0.0,0.0,0.0,0.0,0.0,22.47,284.6,1.47
626,Thomas Yassmin,LAC,TE,0.0,0.0,0.0,0.0,0.0,0.0,0.0,0.0,1.0,9.0,0.1
627,Darren Waller,MIA,TE,0.0,0.0,0.0,0.0,0.0,0.0,0.0,0.0,35.87,385.53,2.3
628,Malachi Corley,NYJ,WR,0.0,0.0,0.0,0.0,0.0,0.33,2.0,0.0,7.87,84.27,0.53
629,Andrei Iosivas,CIN,WR,0.0,0.0,0.0,0.0,0.0,0.0,0.0,0.0,40.6,507.6,3.73
630,Devin Duvernay,CHI,WR,0.0,0.0,0.0,0.0,0.0,1.0,6.33,0.03,1.73,18.6,0.13
631,Sean Tucker,TB,RB,0.0,0.0,0.0,0.0,0.0,72.27,335.13,1.83,9.8,78.6,0.27
632,Jahmyr Gibbs,DET,RB,0.0,0.0,0.0,0.0,0.0,203.8,1088.27,10.43,52.53,428.87,2.5
633,Jaxon Smith-Njigba,SEA,WR,0.0,0.0,0.0,0.0,0.0,5.07,27.33,0.07,81.0,1036.73,6.53
