,Player,Pos,Team,Week,Passing,Rushing,Receiving,xFP
0,A.J. Brown,WR,PHI,1,0.0,0.0,1.56,1.56
1,A.J. Brown,WR,PHI,2,0.0,0.0,12.2,12.2
2,A.J. Brown,WR,PHI,3,0.0,0.0,16.67,16.67
3,A.J. Brown,WR,PHI,4,0.0,0.0,14.78,14.78
4,A.J. Brown,WR,PHI,5,0.0,0.0,12.54,12.54
5,A.J. Brown,WR,PHI,6,0.0,0.0,14.59,14.59
6,A.J. Brown,WR,PHI,7,0.0,0.0,11.1,11.1
7,AJ Barner,TE,SEA,1,0.0,1.15,2.82,3.9699999999999998
8,AJ Barner,TE,SEA,2,0.0,0.93,5.08,6.01
9,AJ Barner,TE,SEA,3,0.0,0.0,1.99,1.99
10,AJ Barner,TE,SEA,4,0.0,0.0,4.92,4.92
11,AJ Barner,TE,SEA,5,0.0,0.0,11.22,11.22
12,AJ Barner,TE,SEA,6,0.0,0.0,5.24,5.24
13,AJ Barner,TE,SEA,7,0.0,0.76,4.61,5.37
14,AJ Dillon,RB,PHI,1,0.0,2.3,0.0,2.3
15,AJ Dillon,RB,PHI,2,0.0,2.03,0.0,2.03
16,AJ Dillon,RB,PHI,4,0.0,1.1,0.0,1.1
17,AJ Dillon,RB,PHI,5,0.0,1.73,0.0,1.73
18,AJ Dillon,RB,PHI,6,0.0,0.81,3.19,4.0
19,Aaron Jones,RB,MIN,1,0.0,4.87,4.96,9.83
20,Aaron Jones,RB,MIN,2,0.0,1.71,1.27,2.98
21,Aaron Rodgers,QB,PIT,1,11.91,0.74,0.0,12.65
22,Aaron Rodgers,QB,PIT,2,13.71,0.85,0.0,14.56
23,Aaron Rodgers,QB,PIT,3,8.46,1.96,0.0,10.420000000000002
24,Aaron Rodgers,QB,PIT,4,9.17,1.91,0.0,11.08
25,Aaron Rodgers,QB,PIT,6,12.47,0.65,0.0,13.120000000000001
26,Aaron Rodgers,QB,PIT,7,16.5,0.73,0.0,17.23
27,Adam Prentice,RB,DEN,1,0.0,0.0,1.36,1.36
28,Adam Prentice,RB,DEN,4,0.0,1.09,0.0,1.09
29,Adam Prentice,RB,DEN,5,0.0,0.66,0.0,0.66
30,Adam Prentice,RB,DEN,6,0.0,0.25,0.0,0.25
31,Adam Prentice,RB,DEN,7,0.0,0.0,1.66,1.66
32,Adam Thielen,WR,MIN,1,0.0,0.0,1.45,1.45
33,Adam Thielen,WR,MIN,2,0.0,0.0,5.59,5.59
34,Adam Thielen,WR,MIN,3,0.0,0.0,3.87,3.87
35,Adam Thielen,WR,MIN,4,0.0,0.0,2.85,2.85
36,Adam Thielen,WR,MIN,7,0.0,0.0,3.14,3.14
37,Adam Trautman,TE,DEN,1,0.0,0.0,1.63,1.63
38,Adam Trautman,TE,DEN,2,0.0,0.0,5.13,5.13
39,Adam Trautman,TE,DEN,4,0.0,0.0,4.34,4.34
40,Adam Trautman,TE,DEN,5,0.0,0.0,1.48,1.48
41,Adonai Mitchell,WR,IND,1,0.0,0.0,3.3,3.3
42,Adonai Mitchell,WR,IND,2,0.0,0.0,7.78,7.78
43,Adonai Mitchell,WR,IND,3,0.0,0.0,2.87,2.87
44,Adonai Mitchell,WR,IND,4,0.0,0.0,7.1,7.1
45,Adonai Mitchell,WR,IND,5,0.0,0.0,2.0,2.0
46,Adonai Mitchell,WR,IND,7,0.0,0.0,1.4,1.4
47,Albert Okwuegbunam,TE,LVR,5,0.0,0.0,9.66,9.66
48,Alec Ingold,RB,MIA,1,0.0,0.0,3.12,3.12
49,Alec Ingold,RB,MIA,2,0.0,0.0,3.15,3.15
50,Alec Ingold,RB,MIA,5,0.0,0.0,1.51,1.51
51,Alec Ingold,RB,MIA,6,0.0,1.0,1.55,2.55
52,Alec Pierce,WR,IND,1,0.0,0.0,5.73,5.73
53,Alec Pierce,WR,IND,2,0.0,0.0,8.53,8.53
54,Alec Pierce,WR,IND,3,0.0,0.0,9.39,9.39
55,Alec Pierce,WR,IND,6,0.0,0.0,7.54,7.54
56,Alec Pierce,WR,IND,7,0.0,0.0,18.9,18.9
57,Alex Bachman,WR,LVR,1,0.0,0.0,1.4,1.4
58,Alex Bachman,WR,LVR,5,0.0,0.0,1.84,1.84
59,Alex Cappa,OL,LVR,6,0.0,0.0,1.77,1.77
60,Allen Lazard,WR,NYJ,3,0.0,0.0,5.04,5.04
61,Allen Lazard,WR,NYJ,4,0.0,0.0,1.39,1.39
62,Allen Lazard,WR,NYJ,5,0.0,0.0,3.71,3.71
63,Allen Lazard,WR,NYJ,7,0.0,0.0,4.93,4.93
64,Alvin Kamara,RB,NOR,1,0.0,8.1,3.22,11.32
65,Alvin Kamara,RB,NOR,2,0.0,14.05,8.29,22.34
66,Alvin Kamara,RB,NOR,3,0.0,11.28,3.59,14.87
67,Alvin Kamara,RB,NOR,4,0.0,8.84,7.78,16.62
68,Alvin Kamara,RB,NOR,5,0.0,4.17,10.35,14.52
69,Alvin Kamara,RB,NOR,6,0.0,7.87,7.49,15.36
70,Alvin Kamara,RB,NOR,7,0.0,5.86,4.27,10.129999999999999
71,Ameer Abdullah,RB,IND,5,0.0,2.35,0.0,2.35
72,Ameer Abdullah,RB,IND,6,0.0,0.5,1.48,1.98
73,Ameer Abdullah,RB,IND,7,0.0,1.43,1.62,3.05
74,Amon-Ra St. Brown,WR,DET,1,0.0,0.0,10.22,10.22
75,Amon-Ra St. Brown,WR,DET,2,0.0,1.58,19.46,21.04
76,Amon-Ra St. Brown,WR,DET,3,0.0,0.0,13.81,13.81
77,Amon-Ra St. Brown,WR,DET,4,0.0,0.0,11.36,11.36
78,Amon-Ra St. Brown,WR,DET,5,0.0,0.0,14.33,14.33
79,Amon-Ra St. Brown,WR,DET,6,0.0,0.81,15.63,16.44
80,Amon-Ra St. Brown,WR,DET,7,0.0,0.0,15.83,15.83
81,Andrei Iosivas,WR,CIN,2,0.0,0.0,8.11,8.11
82,Andrei Iosivas,WR,CIN,4,0.0,0.29,1.74,2.03
83,Andrei Iosivas,WR,CIN,5,0.0,0.0,12.13,12.13
84,Andrei Iosivas,WR,CIN,6,0.0,0.0,6.83,6.83
85,Andrei Iosivas,WR,CIN,7,0.0,0.0,7.51,7.51
86,Andrew Beck,TE,NYJ,5,0.0,0.0,3.33,3.33
87,Andrew Beck,TE,NYJ,6,0.0,0.0,1.48,1.48
88,Andy Dalton,QB,CAR,3,0.0,0.41,0.0,0.41
89,Andy Dalton,QB,CAR,4,2.7,0.0,0.0,2.7
90,Andy Dalton,QB,CAR,7,3.6,1.66,0.0,5.26
91,Anthony Gould,WR,IND,7,0.0,0.0,1.83,1.83
92,Anthony Richardson,QB,IND,3,0.0,3.35,0.0,3.35
93,Anthony Richardson,QB,IND,5,1.13,0.0,1.67,2.8
94,Antonio Gibson,RB,NWE,1,0.0,0.56,1.47,2.0300000000000002
95,Antonio Gibson,RB,NWE,2,0.0,3.76,1.08,4.84
96,Antonio Gibson,RB,NWE,3,0.0,3.88,0.0,3.88
97,Antonio Gibson,RB,NWE,4,0.0,4.06,0.0,4.06
98,Antonio Gibson,RB,NWE,5,0.0,3.57,1.3,4.87
99,Arian Smith,WR,NYJ,2,0.0,0.66,3.27,3.93
100,Arian Smith,WR,NYJ,3,0.0,0.0,2.82,2.82
101,Arian Smith,WR,NYJ,5,0.0,0.0,1.46,1.46
102,Arian Smith,WR,NYJ,6,0.0,0.0,1.93,1.93
103,Arian Smith,WR,NYJ,7,0.0,0.0,5.96,5.96
104,Ashton Dulin,WR,IND,1,0.0,0.94,0.0,0.94
105,Ashton Dulin,WR,IND,4,0.0,0.99,1.59,2.58
106,Ashton Dulin,WR,IND,5,0.0,0.0,10.07,10.07
107,Ashton Jeanty,RB,LVR,1,0.0,12.12,2.81,14.93
108,Ashton Jeanty,RB,LVR,2,0.0,5.69,5.64,11.33
109,Ashton Jeanty,RB,LVR,3,0.0,9.76,0.0,9.76
110,Ashton Jeanty,RB,LVR,4,0.0,13.12,3.37,16.49
111,Ashton Jeanty,RB,LVR,5,0.0,7.74,9.96,17.700000000000003
112,Ashton Jeanty,RB,LVR,6,0.0,17.02,5.68,22.7
113,Ashton Jeanty,RB,LVR,7,0.0,2.71,1.22,3.9299999999999997
114,Austin Ekeler,RB,WAS,1,0.0,4.19,4.44,8.63
115,Austin Ekeler,RB,WAS,2,0.0,4.87,6.06,10.93
116,Austin Hooper,TE,NWE,1,0.0,0.0,1.7,1.7
117,Austin Hooper,TE,NWE,2,0.0,0.0,5.0,5.0
118,Austin Hooper,TE,NWE,3,0.0,0.0,4.78,4.78
119,Austin Hooper,TE,NWE,4,0.0,0.0,1.25,1.25
120,Austin Hooper,TE,NWE,6,0.0,0.0,1.65,1.65
121,Austin Hooper,TE,NWE,7,0.0,0.0,3.11,3.11
122,Baker Mayfield,QB,TAM,1,15.46,2.62,0.0,18.080000000000002
123,Baker Mayfield,QB,TAM,2,16.45,1.48,0.0,17.93
124,Baker Mayfield,QB,TAM,3,13.11,2.83,0.0,15.94
125,Baker Mayfield,QB,TAM,4,16.23,1.05,0.0,17.28
126,Baker Mayfield,QB,TAM,5,14.68,3.8,0.0,18.48
127,Baker Mayfield,QB,TAM,6,10.45,1.68,0.0,12.129999999999999
128,Baker Mayfield,QB,TAM,7,23.58,0.0,0.0,23.58
129,Beaux Collins,WR,NYG,5,0.0,0.0,4.47,4.47
130,Beaux Collins,WR,NYG,7,0.0,0.0,2.43,2.43
131,Ben Sinnott,TE,WAS,2,0.0,0.0,1.67,1.67
132,Ben Skowronek,WR,PIT,1,0.0,0.0,1.73,1.73
133,Ben Skowronek,WR,PIT,4,0.0,0.0,1.81,1.81
134,Bernhard Raimann,OL,IND,5,0.0,0.0,1.8,1.8
135,Bhayshul Tuten,RB,JAX,1,0.0,2.78,0.0,2.78
136,Bhayshul Tuten,RB,JAX,2,0.0,4.94,2.92,7.86
137,Bhayshul Tuten,RB,JAX,3,0.0,4.64,1.54,6.18
138,Bhayshul Tuten,RB,JAX,4,0.0,2.58,1.41,3.99
139,Bhayshul Tuten,RB,JAX,5,0.0,3.19,1.4,4.59
140,Bhayshul Tuten,RB,JAX,6,0.0,0.66,5.03,5.69
141,Bhayshul Tuten,RB,JAX,7,0.0,3.49,0.0,3.49
142,Bijan Robinson,RB,ATL,1,0.0,8.81,10.04,18.85
143,Bijan Robinson,RB,ATL,2,0.0,14.07,7.62,21.69
144,Bijan Robinson,RB,ATL,3,0.0,6.58,7.92,14.5
145,Bijan Robinson,RB,ATL,4,0.0,12.04,7.77,19.81
146,Bijan Robinson,RB,ATL,6,0.0,10.55,11.77,22.32
147,Bijan Robinson,RB,ATL,7,0.0,8.65,11.49,20.14
148,Blake Corum,RB,LAR,1,0.0,0.42,1.37,1.79
149,Blake Corum,RB,LAR,2,0.0,4.68,0.0,4.68
150,Blake Corum,RB,LAR,3,0.0,5.81,0.0,5.81
151,Blake Corum,RB,LAR,4,0.0,4.84,5.71,10.55
152,Blake Corum,RB,LAR,5,0.0,0.74,3.4,4.14
153,Blake Corum,RB,LAR,6,0.0,3.21,0.0,3.21
154,Blake Corum,RB,LAR,7,0.0,9.12,1.44,10.559999999999999
155,Blake Whiteheart,TE,CLE,4,0.0,0.0,2.26,2.26
156,Blake Whiteheart,TE,CLE,6,0.0,0.0,1.52,1.52
157,Blake Whiteheart,TE,CLE,7,0.0,0.0,1.48,1.48
158,Bo Melton,WR,GNB,6,0.0,0.46,0.0,0.46
159,Bo Nix,QB,DEN,1,15.75,4.79,0.0,20.54
160,Bo Nix,QB,DEN,2,13.32,1.89,0.0,15.21
161,Bo Nix,QB,DEN,3,11.2,4.55,0.0,15.75
162,Bo Nix,QB,DEN,4,16.9,3.44,0.0,20.34
163,Bo Nix,QB,DEN,5,16.6,1.12,0.0,17.720000000000002
164,Bo Nix,QB,DEN,6,11.46,2.86,0.0,14.32
165,Bo Nix,QB,DEN,7,21.82,3.59,0.0,25.41
166,Braden Mann,QB,PHI,4,0.0,0.24,0.0,0.24
167,Braelon Allen,RB,NYJ,1,0.0,4.99,0.0,4.99
168,Braelon Allen,RB,NYJ,2,0.0,0.93,1.66,2.59
169,Braelon Allen,RB,NYJ,3,0.0,3.67,3.23,6.9
170,Braelon Allen,RB,NYJ,4,0.0,3.08,0.0,3.08
171,Brandin Cooks,WR,NOR,1,0.0,0.0,6.15,6.15
172,Brandin Cooks,WR,NOR,2,0.0,0.0,3.09,3.09
173,Brandin Cooks,WR,NOR,3,0.0,0.0,8.84,8.84
174,Brandin Cooks,WR,NOR,4,0.0,0.0,6.78,6.78
175,Brandin Cooks,WR,NOR,5,0.0,0.0,1.58,1.58
176,Brandin Cooks,WR,NOR,6,0.0,0.0,2.0,2.0
177,Brandin Cooks,WR,NOR,7,0.0,0.0,1.81,1.81
178,Brashard Smith,RB,KAN,2,0.0,0.81,1.28,2.09
179,Brashard Smith,RB,KAN,3,0.0,1.54,1.56,3.1
180,Brashard Smith,RB,KAN,4,0.0,1.81,6.09,7.9
181,Brashard Smith,RB,KAN,5,0.0,1.14,4.28,5.42
182,Brashard Smith,RB,KAN,6,0.0,0.0,5.7,5.7
183,Brashard Smith,RB,KAN,7,0.0,10.31,7.26,17.57
184,Braxton Berrios,WR,HOU,7,0.0,0.0,4.2,4.2
185,Brayden Willis,TE,SFO,2,0.0,0.0,1.56,1.56
186,Breece Hall,RB,NYJ,1,0.0,12.4,5.7,18.1
187,Breece Hall,RB,NYJ,2,0.0,5.16,3.98,9.14
188,Breece Hall,RB,NYJ,3,0.0,5.53,9.82,15.350000000000001
189,Breece Hall,RB,NYJ,4,0.0,6.51,9.55,16.060000000000002
190,Breece Hall,RB,NYJ,5,0.0,8.72,7.66,16.380000000000003
191,Breece Hall,RB,NYJ,6,0.0,12.39,0.0,12.39
192,Breece Hall,RB,NYJ,7,0.0,6.38,4.24,10.620000000000001
193,Brenden Bates,TE,HOU,5,0.0,0.0,3.27,3.27
194,Brenton Strange,TE,JAX,1,0.0,0.0,6.7,6.7
195,Brenton Strange,TE,JAX,2,0.0,0.0,8.05,8.05
196,Brenton Strange,TE,JAX,3,0.0,0.0,10.69,10.69
197,Brenton Strange,TE,JAX,4,0.0,0.0,10.81,10.81
198,Brenton Strange,TE,JAX,5,0.0,0.0,1.41,1.41
199,Brett Rypien,QB,CIN,3,0.0,0.0,0.0,0.0
200,Brevyn Spann-Ford,TE,DAL,1,0.0,0.0,2.19,2.19
201,Brevyn Spann-Ford,TE,DAL,2,0.0,0.0,1.47,1.47
202,Brevyn Spann-Ford,TE,DAL,6,0.0,0.0,1.4,1.4
203,Brian Robinson,RB,SFO,1,0.0,6.54,3.38,9.92
204,Brian Robinson,RB,SFO,2,0.0,3.81,1.38,5.1899999999999995
205,Brian Robinson,RB,SFO,3,0.0,1.65,0.0,1.65
206,Brian Robinson,RB,SFO,4,0.0,3.99,0.0,3.99
207,Brian Robinson,RB,SFO,5,0.0,3.88,0.0,3.88
208,Brian Robinson,RB,SFO,6,0.0,0.0,4.63,4.63
209,Brian Robinson,RB,SFO,7,0.0,6.49,0.0,6.49
210,Brian Thomas,WR,JAX,1,0.0,1.03,11.69,12.719999999999999
211,Brian Thomas,WR,JAX,2,0.0,0.0,21.88,21.88
212,Brian Thomas,WR,JAX,3,0.0,0.0,9.81,9.81
213,Brian Thomas,WR,JAX,4,0.0,0.97,10.85,11.82
214,Brian Thomas,WR,JAX,5,0.0,0.0,10.74,10.74
215,Brian Thomas,WR,JAX,6,0.0,0.0,16.87,16.87
216,Brian Thomas,WR,JAX,7,0.0,0.0,12.17,12.17
217,British Brooks,OL,HOU,5,0.0,1.57,0.0,1.57
218,Brock Bowers,TE,LVR,1,0.0,0.0,13.42,13.42
219,Brock Bowers,TE,LVR,2,0.0,0.0,12.86,12.86
220,Brock Bowers,TE,LVR,3,0.0,0.0,7.84,7.84
221,Brock Bowers,TE,LVR,4,0.0,0.0,9.31,9.31
222,Brock Purdy,QB,SFO,1,16.42,2.63,0.0,19.05
223,Brock Purdy,QB,SFO,4,18.14,1.63,0.0,19.77
224,Brock Wright,TE,DET,2,0.0,0.0,4.89,4.89
225,Brock Wright,TE,DET,5,0.0,0.0,4.71,4.71
226,Brock Wright,TE,DET,7,0.0,0.0,5.1,5.1
227,Bryce Oliver,WR,TEN,1,0.0,0.0,1.43,1.43
228,Bryce Young,QB,CAR,1,15.66,2.65,0.0,18.31
229,Bryce Young,QB,CAR,2,24.69,1.33,0.0,26.020000000000003
230,Bryce Young,QB,CAR,3,11.26,1.86,0.0,13.12
231,Bryce Young,QB,CAR,4,12.0,0.85,0.0,12.85
232,Bryce Young,QB,CAR,5,12.82,2.04,0.0,14.86
233,Bryce Young,QB,CAR,6,10.44,2.14,0.0,12.58
234,Bryce Young,QB,CAR,7,10.61,1.46,0.0,12.07
235,Brycen Tremayne,WR,CAR,2,0.0,0.0,8.57,8.57
236,Brycen Tremayne,WR,CAR,3,0.0,0.0,3.03,3.03
237,Brycen Tremayne,WR,CAR,4,0.0,0.0,6.37,6.37
238,Brycen Tremayne,WR,CAR,5,0.0,0.0,1.42,1.42
239,Bucky Irving,RB,TAM,1,0.0,8.25,5.96,14.21
240,Bucky Irving,RB,TAM,2,0.0,8.27,8.69,16.96
241,Bucky Irving,RB,TAM,3,0.0,17.74,5.38,23.119999999999997
242,Bucky Irving,RB,TAM,4,0.0,9.46,7.08,16.54
243,C.J. Stroud,QB,HOU,1,9.33,2.63,0.0,11.96
244,C.J. Stroud,QB,HOU,2,11.28,1.99,0.0,13.27
245,C.J. Stroud,QB,HOU,3,15.9,1.58,0.0,17.48
246,C.J. Stroud,QB,HOU,4,11.87,2.67,0.0,14.54
247,C.J. Stroud,QB,HOU,5,13.0,0.89,0.0,13.89
248,C.J. Stroud,QB,HOU,7,22.08,0.78,0.0,22.86
249,CJ Ham,RB,MIN,7,0.0,0.0,1.62,1.62
250,Cade Otton,TE,TAM,1,0.0,0.0,4.85,4.85
251,Cade Otton,TE,TAM,2,0.0,0.0,6.2,6.2
252,Cade Otton,TE,TAM,4,0.0,0.0,6.27,6.27
253,Cade Otton,TE,TAM,5,0.0,0.0,8.43,8.43
254,Cade Otton,TE,TAM,6,0.0,0.0,8.9,8.9
255,Cade Otton,TE,TAM,7,0.0,0.0,14.39,14.39
256,Cade Stover,TE,HOU,1,0.0,0.0,5.49,5.49
257,Caleb Williams,QB,CHI,1,15.02,3.89,0.0,18.91
258,Caleb Williams,QB,CHI,2,13.83,3.03,0.0,16.86
259,Caleb Williams,QB,CHI,3,12.93,2.79,0.0,15.719999999999999
260,Caleb Williams,QB,CHI,4,17.0,6.53,0.0,23.53
261,Caleb Williams,QB,CHI,6,12.72,4.0,0.0,16.72
262,Caleb Williams,QB,CHI,7,11.62,3.73,0.0,15.35
263,Calvin Austin,WR,PIT,1,0.0,0.0,10.73,10.73
264,Calvin Austin,WR,PIT,2,0.0,0.0,8.33,8.33
265,Calvin Austin,WR,PIT,3,0.0,0.0,8.35,8.35
266,Calvin Austin,WR,PIT,4,0.0,0.0,2.99,2.99
267,Calvin Ridley,WR,TEN,1,0.0,0.0,12.51,12.51
268,Calvin Ridley,WR,TEN,2,0.0,0.0,9.64,9.64
269,Calvin Ridley,WR,TEN,3,0.0,0.0,11.73,11.73
270,Calvin Ridley,WR,TEN,4,0.0,0.0,4.8,4.8
271,Calvin Ridley,WR,TEN,5,0.0,0.0,17.55,17.55
272,Calvin Ridley,WR,TEN,6,0.0,0.0,1.51,1.51
273,Cam Akers,RB,MIN,3,0.0,3.37,1.3,4.67
274,Cam Akers,RB,MIN,5,0.55,0.0,0.0,0.55
275,Cam Grandy,TE,CIN,3,0.0,0.0,1.56,1.56
276,Cam Skattebo,RB,NYG,1,0.0,2.21,3.14,5.35
277,Cam Skattebo,RB,NYG,2,0.0,8.51,4.78,13.29
278,Cam Skattebo,RB,NYG,3,0.0,6.93,11.9,18.83
279,Cam Skattebo,RB,NYG,4,0.0,17.04,2.7,19.74
280,Cam Skattebo,RB,NYG,5,0.0,10.16,10.35,20.509999999999998
281,Cam Skattebo,RB,NYG,6,0.0,14.49,2.88,17.37
282,Cam Skattebo,RB,NYG,7,0.0,7.78,8.71,16.490000000000002
283,Cam Ward,QB,TEN,1,11.44,0.0,0.0,11.44
284,Cam Ward,QB,TEN,2,13.89,2.72,0.0,16.61
285,Cam Ward,QB,TEN,3,15.1,2.21,0.0,17.31
286,Cam Ward,QB,TEN,4,9.9,0.65,0.0,10.55
287,Cam Ward,QB,TEN,5,17.11,4.08,0.0,21.189999999999998
288,Cam Ward,QB,TEN,6,14.98,0.0,0.0,14.98
289,Cam Ward,QB,TEN,7,13.88,0.0,0.0,13.88
290,Carson Wentz,QB,MIN,3,9.82,1.6,0.0,11.42
291,Carson Wentz,QB,MIN,4,19.69,1.05,0.0,20.740000000000002
292,Carson Wentz,QB,MIN,5,14.29,0.68,0.0,14.969999999999999
293,Carson Wentz,QB,MIN,7,21.41,2.16,0.0,23.57
294,Carter Runyon,TE,LVR,7,0.0,0.0,1.42,1.42
295,Casey Washington,WR,ATL,1,0.0,0.0,10.43,10.43
296,Casey Washington,WR,ATL,4,0.0,0.0,5.78,5.78
297,Casey Washington,WR,ATL,6,0.0,0.0,4.02,4.02
298,Casey Washington,WR,ATL,7,0.0,0.0,3.6,3.6
299,Cedric Tillman,WR,CLE,1,0.0,0.0,13.58,13.58
300,Cedric Tillman,WR,CLE,2,0.0,0.0,11.33,11.33
301,Cedric Tillman,WR,CLE,3,0.0,0.0,4.5,4.5
302,Cedric Tillman,WR,CLE,4,0.0,0.0,3.49,3.49
303,CeeDee Lamb,WR,DAL,1,0.0,0.0,22.35,22.35
304,CeeDee Lamb,WR,DAL,2,0.0,0.0,18.17,18.17
305,CeeDee Lamb,WR,DAL,7,0.0,0.0,13.02,13.02
306,Charlie Kolar,TE,BAL,3,0.0,0.0,5.51,5.51
307,Charlie Kolar,TE,BAL,5,0.0,0.0,1.58,1.58
308,Charlie Kolar,TE,BAL,6,0.0,0.0,1.58,1.58
309,Charlie Woerner,TE,ATL,3,0.0,0.0,1.42,1.42
310,Charlie Woerner,TE,ATL,7,0.0,0.0,1.52,1.52
311,Chase Brown,RB,CIN,1,0.0,15.48,4.41,19.89
312,Chase Brown,RB,CIN,2,0.0,10.53,4.42,14.95
313,Chase Brown,RB,CIN,3,0.0,5.29,7.84,13.129999999999999
314,Chase Brown,RB,CIN,4,0.0,5.49,4.32,9.81
315,Chase Brown,RB,CIN,5,0.0,3.09,11.37,14.459999999999999
316,Chase Brown,RB,CIN,6,0.0,4.87,3.26,8.129999999999999
317,Chase Brown,RB,CIN,7,0.0,7.18,6.05,13.23
318,Chig Okonkwo,TE,TEN,1,0.0,0.0,5.74,5.74
319,Chig Okonkwo,TE,TEN,2,0.0,0.0,8.91,8.91
320,Chig Okonkwo,TE,TEN,3,0.0,0.0,9.37,9.37
321,Chig Okonkwo,TE,TEN,4,0.0,0.0,4.44,4.44
322,Chig Okonkwo,TE,TEN,5,0.0,0.0,7.57,7.57
323,Chig Okonkwo,TE,TEN,6,0.0,0.0,8.46,8.46
324,Chig Okonkwo,TE,TEN,7,0.0,0.0,3.8,3.8
325,Chimere Dike,WR,TEN,1,0.0,0.68,2.13,2.81
326,Chimere Dike,WR,TEN,2,0.0,1.25,8.56,9.81
327,Chimere Dike,WR,TEN,3,0.0,1.84,6.22,8.06
328,Chimere Dike,WR,TEN,4,0.0,0.58,0.0,0.58
329,Chimere Dike,WR,TEN,5,0.0,0.0,8.76,8.76
330,Chimere Dike,WR,TEN,6,0.0,0.0,4.15,4.15
331,Chimere Dike,WR,TEN,7,0.0,0.77,6.97,7.74
332,Chris Godwin,WR,TAM,4,0.0,0.0,17.24,17.24
333,Chris Godwin,WR,TAM,5,0.0,0.0,5.75,5.75
334,Chris Manhertz,TE,NYG,3,0.0,0.0,1.54,1.54
335,Chris Moore,WR,WAS,1,0.0,0.0,1.97,1.97
336,Chris Moore,WR,WAS,3,0.0,0.0,3.17,3.17
337,Chris Moore,WR,WAS,4,0.0,0.64,5.23,5.87
338,Chris Moore,WR,WAS,5,0.0,0.0,1.78,1.78
339,Chris Moore,WR,WAS,6,0.0,0.0,8.24,8.24
340,Chris Moore,WR,WAS,7,0.0,0.0,8.35,8.35
341,Chris Olave,WR,NOR,1,0.0,0.0,21.27,21.27
342,Chris Olave,WR,NOR,2,0.0,0.0,16.79,16.79
343,Chris Olave,WR,NOR,3,0.0,0.0,21.76,21.76
344,Chris Olave,WR,NOR,4,0.55,0.0,9.95,10.5
345,Chris Olave,WR,NOR,5,0.0,0.0,17.49,17.49
346,Chris Olave,WR,NOR,6,0.0,0.0,17.0,17.0
347,Chris Olave,WR,NOR,7,0.0,0.0,13.12,13.12
348,Chris Rodriguez,RB,WAS,3,0.0,8.01,0.0,8.01
349,Chris Rodriguez,RB,WAS,4,0.0,5.41,0.0,5.41
350,Chris Rodriguez,RB,WAS,5,0.0,4.74,0.0,4.74
351,Chris Rodriguez,RB,WAS,7,0.0,2.62,0.0,2.62
352,Christian Kirk,WR,HOU,3,0.0,0.0,13.95,13.95
353,Christian Kirk,WR,HOU,4,0.0,0.0,6.43,6.43
354,Christian Kirk,WR,HOU,5,0.0,0.0,6.8,6.8
355,Christian McCaffrey,RB,SFO,1,0.0,15.51,14.98,30.490000000000002
356,Christian McCaffrey,RB,SFO,2,0.0,8.01,10.78,18.79
357,Christian McCaffrey,RB,SFO,3,0.0,13.13,22.98,36.11
358,Christian McCaffrey,RB,SFO,4,0.0,10.76,18.23,28.990000000000002
359,Christian McCaffrey,RB,SFO,5,0.0,14.73,14.06,28.79
360,Christian McCaffrey,RB,SFO,6,0.0,12.64,11.79,24.43
361,Christian McCaffrey,RB,SFO,7,0.0,15.7,11.49,27.189999999999998
362,Christopher Brooks,RB,GNB,1,0.0,0.68,1.63,2.31
363,Christopher Brooks,RB,GNB,2,0.0,0.0,5.27,5.27
364,Christopher Brooks,RB,GNB,4,0.0,0.0,1.38,1.38
365,Christopher Brooks,RB,GNB,6,0.0,0.47,0.0,0.47
366,Christopher Brooks,RB,GNB,7,0.0,0.0,1.71,1.71
367,Chuba Hubbard,RB,CAR,1,0.0,11.27,7.26,18.53
368,Chuba Hubbard,RB,CAR,2,0.0,6.15,9.41,15.56
369,Chuba Hubbard,RB,CAR,3,0.0,10.61,5.16,15.77
370,Chuba Hubbard,RB,CAR,4,0.0,5.31,4.34,9.649999999999999
371,Chuba Hubbard,RB,CAR,7,0.0,8.95,4.29,13.239999999999998
372,Colby Parkinson,TE,LAR,1,0.0,0.0,3.39,3.39
373,Colby Parkinson,TE,LAR,4,0.0,0.0,2.93,2.93
374,Colby Parkinson,TE,LAR,5,0.0,0.0,1.77,1.77
375,Colby Parkinson,TE,LAR,7,0.0,0.0,5.03,5.03
376,Cole Kmet,TE,CHI,1,0.0,0.0,6.99,6.99
377,Cole Kmet,TE,CHI,2,0.0,0.0,3.28,3.28
378,Cole Kmet,TE,CHI,3,0.0,0.0,1.99,1.99
379,Cole Kmet,TE,CHI,4,0.0,0.0,15.57,15.57
380,Cole Kmet,TE,CHI,6,0.0,0.0,3.37,3.37
381,Cole Kmet,TE,CHI,7,0.0,0.0,1.79,1.79
382,Colston Loveland,TE,CHI,1,0.0,0.0,3.01,3.01
383,Colston Loveland,TE,CHI,2,0.0,0.0,1.91,1.91
384,Colston Loveland,TE,CHI,3,0.0,0.0,5.79,5.79
385,Colston Loveland,TE,CHI,6,0.0,0.0,4.67,4.67
386,Colston Loveland,TE,CHI,7,0.0,0.0,6.45,6.45
387,Connor Colby,OL,SFO,7,0.0,0.0,1.63,1.63
388,Connor Heyward,TE,PIT,2,0.0,0.0,1.38,1.38
389,Connor Heyward,TE,PIT,4,0.0,0.88,0.0,0.88
390,Connor Heyward,TE,PIT,6,0.0,0.0,2.04,2.04
391,Connor Heyward,TE,PIT,7,0.0,0.0,1.83,1.83
392,Cooper Kupp,WR,SEA,1,0.0,0.0,4.87,4.87
393,Cooper Kupp,WR,SEA,2,0.0,0.0,14.97,14.97
394,Cooper Kupp,WR,SEA,3,0.0,0.0,5.08,5.08
395,Cooper Kupp,WR,SEA,4,0.0,0.0,7.06,7.06
396,Cooper Kupp,WR,SEA,5,0.0,0.0,14.03,14.03
397,Cooper Kupp,WR,SEA,6,0.0,0.0,5.63,5.63
398,Cooper Kupp,WR,SEA,7,0.55,0.0,1.8,2.35
399,Cooper Rush,QB,BAL,2,0.0,0.93,0.0,0.93
400,Cooper Rush,QB,BAL,4,4.41,0.0,0.0,4.41
401,Cooper Rush,QB,BAL,5,8.14,0.0,0.0,8.14
402,Cooper Rush,QB,BAL,6,7.69,0.83,0.0,8.52
403,Courtland Sutton,WR,DEN,1,0.0,0.0,15.75,15.75
404,Courtland Sutton,WR,DEN,2,0.0,0.0,7.16,7.16
405,Courtland Sutton,WR,DEN,3,0.0,0.0,14.44,14.44
406,Courtland Sutton,WR,DEN,4,0.0,0.0,10.07,10.07
407,Courtland Sutton,WR,DEN,5,0.0,0.0,16.17,16.17
408,Courtland Sutton,WR,DEN,6,0.0,0.0,4.92,4.92
409,Courtland Sutton,WR,DEN,7,0.0,0.0,16.58,16.58
410,Craig Reynolds,RB,DET,2,0.0,1.18,0.0,1.18
411,Curtis Samuel,WR,BUF,4,0.0,0.0,3.56,3.56
412,Curtis Samuel,WR,BUF,5,0.0,0.0,3.57,3.57
413,D'Andre Swift,RB,CHI,1,0.0,10.7,7.02,17.72
414,D'Andre Swift,RB,CHI,2,0.0,5.58,4.18,9.76
415,D'Andre Swift,RB,CHI,3,0.0,8.76,5.32,14.08
416,D'Andre Swift,RB,CHI,4,0.0,11.28,9.08,20.36
417,D'Andre Swift,RB,CHI,6,0.0,8.98,4.35,13.33
418,D'Andre Swift,RB,CHI,7,0.0,14.86,1.42,16.28
419,D'Ernest Johnson,RB,ARI,7,0.0,0.89,0.0,0.89
420,DJ Giddens,RB,IND,1,0.0,9.59,0.0,9.59
421,DJ Giddens,RB,IND,2,0.0,0.0,1.48,1.48
422,DJ Giddens,RB,IND,3,0.0,0.94,0.0,0.94
423,DJ Giddens,RB,IND,5,0.0,2.2,1.54,3.74
424,DJ Moore,WR,CHI,1,0.0,1.91,9.82,11.73
425,DJ Moore,WR,CHI,2,0.0,0.0,9.44,9.44
426,DJ Moore,WR,CHI,3,0.0,1.64,8.39,10.030000000000001
427,DJ Moore,WR,CHI,4,0.0,0.0,7.31,7.31
428,DJ Moore,WR,CHI,6,0.0,1.46,8.3,9.760000000000002
429,DJ Moore,WR,CHI,7,0.0,0.37,7.87,8.24
430,DK Metcalf,WR,PIT,1,0.0,0.0,10.5,10.5
431,DK Metcalf,WR,PIT,2,0.0,0.0,9.47,9.47
432,DK Metcalf,WR,PIT,3,0.0,0.0,6.57,6.57
433,DK Metcalf,WR,PIT,4,0.0,0.0,8.43,8.43
434,DK Metcalf,WR,PIT,6,0.0,0.0,15.97,15.97
435,DK Metcalf,WR,PIT,7,0.0,0.0,8.86,8.86
436,Dak Prescott,QB,DAL,1,14.75,0.76,0.0,15.51
437,Dak Prescott,QB,DAL,2,21.25,1.75,0.0,23.0
438,Dak Prescott,QB,DAL,3,16.52,0.0,0.0,16.52
439,Dak Prescott,QB,DAL,4,17.48,1.22,0.0,18.7
440,Dak Prescott,QB,DAL,5,12.83,3.32,0.0,16.15
441,Dak Prescott,QB,DAL,6,14.81,1.39,0.0,16.2
442,Dak Prescott,QB,DAL,7,13.28,3.1,0.0,16.38
443,Dallas Goedert,TE,PHI,1,0.0,0.0,11.03,11.03
444,Dallas Goedert,TE,PHI,3,0.0,0.0,3.85,3.85
445,Dallas Goedert,TE,PHI,4,0.0,0.0,7.22,7.22
446,Dallas Goedert,TE,PHI,5,0.0,0.0,14.63,14.63
447,Dallas Goedert,TE,PHI,6,0.0,0.0,18.33,18.33
448,Dallas Goedert,TE,PHI,7,0.0,0.0,4.62,4.62
449,Dalton Kincaid,TE,BUF,1,0.0,0.0,6.85,6.85
450,Dalton Kincaid,TE,BUF,2,0.0,0.0,9.06,9.06
451,Dalton Kincaid,TE,BUF,3,0.0,0.0,10.05,10.05
452,Dalton Kincaid,TE,BUF,4,0.0,0.0,3.83,3.83
453,Dalton Kincaid,TE,BUF,5,0.0,0.0,10.42,10.42
454,Dalton Schultz,TE,HOU,1,0.0,0.0,7.25,7.25
455,Dalton Schultz,TE,HOU,2,0.0,0.0,6.04,6.04
456,Dalton Schultz,TE,HOU,3,0.0,0.0,8.98,8.98
457,Dalton Schultz,TE,HOU,4,0.0,0.0,9.72,9.72
458,Dalton Schultz,TE,HOU,5,0.0,0.0,9.76,9.76
459,Dalton Schultz,TE,HOU,7,0.0,0.0,14.81,14.81
460,Dameon Pierce,RB,HOU,1,0.0,1.38,1.26,2.6399999999999997
461,Dameon Pierce,RB,HOU,5,0.0,3.67,0.0,3.67
462,Daniel Bellinger,TE,NYG,1,0.0,0.0,1.99,1.99
463,Daniel Bellinger,TE,NYG,3,0.0,0.0,1.52,1.52
464,Daniel Bellinger,TE,NYG,4,0.0,0.0,1.7,1.7
465,Daniel Bellinger,TE,NYG,5,0.0,0.0,6.69,6.69
466,Daniel Bellinger,TE,NYG,7,0.0,0.0,7.63,7.63
467,Daniel Jones,QB,IND,1,12.09,5.84,0.0,17.93
468,Daniel Jones,QB,IND,2,16.4,6.03,0.0,22.43
469,Daniel Jones,QB,IND,3,11.05,2.95,0.0,14.0
470,Daniel Jones,QB,IND,4,13.87,0.47,0.0,14.34
471,Daniel Jones,QB,IND,5,13.66,0.81,0.0,14.47
472,Daniel Jones,QB,IND,6,13.4,3.3,0.0,16.7
473,Daniel Jones,QB,IND,7,15.75,2.9,0.0,18.65
474,Dare Ogunbowale,RB,HOU,1,0.0,0.86,3.07,3.9299999999999997
475,Dare Ogunbowale,RB,HOU,7,0.0,0.0,1.5,1.5
476,Dareke Young,TE,SEA,3,0.0,0.0,1.71,1.71
477,Dareke Young,TE,SEA,5,0.0,0.0,2.13,2.13
478,Darius Slayton,WR,NYG,1,0.0,0.0,1.84,1.84
479,Darius Slayton,WR,NYG,2,0.0,0.0,5.33,5.33
480,Darius Slayton,WR,NYG,3,0.0,0.0,6.21,6.21
481,Darius Slayton,WR,NYG,4,0.0,0.0,6.64,6.64
482,Darius Slayton,WR,NYG,5,0.0,0.0,10.91,10.91
483,Darnell Mooney,WR,ATL,2,0.0,0.0,6.59,6.59
484,Darnell Mooney,WR,ATL,3,0.0,0.0,18.25,18.25
485,Darnell Mooney,WR,ATL,4,0.0,0.0,1.66,1.66
486,Darnell Mooney,WR,ATL,7,0.0,0.0,9.52,9.52
487,Darnell Washington,WR,PIT,2,0.0,0.0,1.95,1.95
488,Darnell Washington,WR,PIT,4,0.0,0.0,4.93,4.93
489,Darnell Washington,WR,PIT,6,0.0,0.0,8.11,8.11
490,Darnell Washington,WR,PIT,7,0.0,0.0,8.77,8.77
491,Darren Waller,TE,MIA,4,0.0,0.0,7.38,7.38
492,Darren Waller,TE,MIA,5,0.0,0.0,9.85,9.85
493,Darren Waller,TE,MIA,6,0.0,0.0,4.81,4.81
494,Davante Adams,WR,LAR,1,0.0,0.0,12.53,12.53
495,Davante Adams,WR,LAR,2,0.0,0.0,22.63,22.63
496,Davante Adams,WR,LAR,3,0.0,0.0,14.93,14.93
497,Davante Adams,WR,LAR,4,0.0,0.0,10.17,10.17
498,Davante Adams,WR,LAR,5,0.0,0.0,20.03,20.03
499,Davante Adams,WR,LAR,6,0.0,0.0,16.05,16.05
500,Davante Adams,WR,LAR,7,0.0,0.0,14.95,14.95
501,David Martin-Robinson,TE,TEN,6,0.0,0.0,2.01,2.01
502,David Montgomery,RB,DET,1,0.0,5.59,6.29,11.879999999999999
503,David Montgomery,RB,DET,2,0.0,9.27,1.35,10.62
504,David Montgomery,RB,DET,3,0.0,7.03,1.64,8.67
505,David Montgomery,RB,DET,4,0.0,6.38,1.67,8.05
506,David Montgomery,RB,DET,5,0.62,15.31,1.8,17.73
507,David Montgomery,RB,DET,6,0.0,2.66,2.89,5.550000000000001
508,David Montgomery,RB,DET,7,0.0,6.75,3.88,10.629999999999999
509,David Moore,WR,CAR,3,0.0,0.0,1.47,1.47
510,David Moore,WR,CAR,4,0.0,0.36,0.0,0.36
511,David Njoku,TE,CLE,1,0.0,0.0,9.01,9.01
512,David Njoku,TE,CLE,2,0.0,0.0,8.41,8.41
513,David Njoku,TE,CLE,3,0.0,0.0,10.77,10.77
514,David Njoku,TE,CLE,4,0.0,0.0,4.42,4.42
515,David Njoku,TE,CLE,5,0.0,0.0,15.47,15.47
516,David Njoku,TE,CLE,6,0.0,0.0,10.57,10.57
517,David Sills,WR,ATL,3,0.0,0.0,3.8,3.8
518,Davis Allen,TE,LAR,1,0.0,0.0,4.05,4.05
519,Davis Allen,TE,LAR,2,0.0,0.0,1.75,1.75
520,Davis Allen,TE,LAR,3,0.0,0.0,1.5,1.5
521,Davis Allen,TE,LAR,4,0.0,0.0,1.5,1.5
522,Davis Allen,TE,LAR,5,0.0,0.0,3.4,3.4
523,Davis Allen,TE,LAR,6,0.0,0.0,3.49,3.49
524,Davis Allen,TE,LAR,7,0.0,0.0,1.79,1.79
525,Davis Mills,QB,HOU,5,1.85,1.89,0.0,3.74
526,Dawson Knox,TE,BUF,1,0.0,0.0,2.95,2.95
527,Dawson Knox,TE,BUF,2,0.0,0.0,7.75,7.75
528,Dawson Knox,TE,BUF,4,0.0,0.0,1.76,1.76
529,Dawson Knox,TE,BUF,5,0.0,0.0,3.43,3.43
530,Dawson Knox,TE,BUF,6,0.0,0.0,3.77,3.77
531,De'Von Achane,RB,MIA,1,0.0,4.17,5.73,9.9
532,De'Von Achane,RB,MIA,2,0.0,5.76,15.03,20.79
533,De'Von Achane,RB,MIA,3,0.0,7.33,12.9,20.23
534,De'Von Achane,RB,MIA,4,0.0,12.61,3.31,15.92
535,De'Von Achane,RB,MIA,5,0.0,6.22,10.27,16.49
536,De'Von Achane,RB,MIA,6,0.0,9.58,8.87,18.45
537,De'Von Achane,RB,MIA,7,0.0,5.44,6.76,12.2
538,DeAndre Hopkins,WR,BAL,1,0.0,0.0,3.73,3.73
539,DeAndre Hopkins,WR,BAL,2,0.0,0.0,4.33,4.33
540,DeAndre Hopkins,WR,BAL,3,0.0,0.0,3.37,3.37
541,DeAndre Hopkins,WR,BAL,4,0.0,0.0,2.03,2.03
542,DeAndre Hopkins,WR,BAL,5,0.0,0.0,3.57,3.57
543,DeAndre Hopkins,WR,BAL,6,0.0,0.0,6.86,6.86
544,DeMario Douglas,WR,NWE,1,0.0,0.37,11.51,11.879999999999999
545,DeMario Douglas,WR,NWE,2,0.0,0.0,1.32,1.32
546,DeMario Douglas,WR,NWE,3,0.0,0.0,8.13,8.13
547,DeMario Douglas,WR,NWE,5,0.0,0.0,4.45,4.45
548,DeMario Douglas,WR,NWE,6,0.0,0.0,6.81,6.81
549,DeMario Douglas,WR,NWE,7,0.0,0.0,5.33,5.33
550,DeVonta Smith,WR,PHI,1,0.0,0.0,4.22,4.22
551,DeVonta Smith,WR,PHI,2,0.0,0.0,10.75,10.75
552,DeVonta Smith,WR,PHI,3,0.0,0.0,14.17,14.17
553,DeVonta Smith,WR,PHI,4,0.0,0.0,3.66,3.66
554,DeVonta Smith,WR,PHI,5,0.0,0.0,15.31,15.31
555,DeVonta Smith,WR,PHI,6,0.0,0.0,8.1,8.1
556,DeVonta Smith,WR,PHI,7,0.0,0.0,19.22,19.22
557,Dee Eskridge,WR,MIA,1,0.0,0.0,3.68,3.68
558,Dee Eskridge,WR,MIA,2,0.0,0.0,1.59,1.59
559,Dee Eskridge,WR,MIA,6,0.0,0.0,1.8,1.8
560,Dee Eskridge,WR,MIA,7,0.0,0.0,3.32,3.32
561,DeeJay Dallas,RB,CAR,6,0.0,1.12,0.0,1.12
562,Deebo Samuel,WR,WAS,1,0.0,0.91,15.51,16.419999999999998
563,Deebo Samuel,WR,WAS,2,0.0,0.0,12.15,12.15
564,Deebo Samuel,WR,WAS,3,0.0,1.4,4.31,5.709999999999999
565,Deebo Samuel,WR,WAS,4,0.0,1.61,10.48,12.09
566,Deebo Samuel,WR,WAS,5,0.0,0.0,18.39,18.39
567,Deebo Samuel,WR,WAS,6,0.0,0.56,7.99,8.55
568,Demarcus Robinson,WR,SFO,4,0.0,0.0,3.99,3.99
569,Demarcus Robinson,WR,SFO,5,0.0,0.0,11.99,11.99
570,Demarcus Robinson,WR,SFO,6,0.0,0.0,5.5,5.5
571,Demarcus Robinson,WR,SFO,7,0.0,0.0,2.12,2.12
572,Derius Davis,WR,LAC,1,0.0,0.38,0.0,0.38
573,Derius Davis,WR,LAC,3,0.0,0.83,0.0,0.83
574,Derrick Henry,RB,BAL,1,0.0,9.99,1.6,11.59
575,Derrick Henry,RB,BAL,2,0.0,7.77,0.0,7.77
576,Derrick Henry,RB,BAL,3,0.61,9.74,1.33,11.68
577,Derrick Henry,RB,BAL,4,0.0,5.03,4.34,9.370000000000001
578,Derrick Henry,RB,BAL,5,0.0,9.6,1.47,11.07
579,Derrick Henry,RB,BAL,6,0.0,15.8,3.31,19.11
580,Devaughn Vele,WR,NOR,1,0.0,0.0,3.65,3.65
581,Devaughn Vele,WR,NOR,2,0.0,0.0,1.96,1.96
582,Devaughn Vele,WR,NOR,5,0.0,0.0,2.95,2.95
583,Devin Neal,RB,NOR,1,0.0,1.27,0.0,1.27
584,Devin Neal,RB,NOR,7,0.0,0.58,0.0,0.58
585,Devin Singletary,RB,NYG,1,0.0,0.93,0.0,0.93
586,Devin Singletary,RB,NYG,2,0.0,0.32,1.29,1.61
587,Devin Singletary,RB,NYG,3,0.0,2.65,0.0,2.65
588,Devin Singletary,RB,NYG,4,0.0,4.56,0.0,4.56
589,Devin Singletary,RB,NYG,5,0.0,4.07,2.82,6.890000000000001
590,Devin Singletary,RB,NYG,6,0.0,2.24,0.0,2.24
591,Devin Singletary,RB,NYG,7,0.0,0.24,0.0,0.24
592,Devontez Walker,WR,BAL,2,0.0,0.0,3.78,3.78
593,Devontez Walker,WR,BAL,3,0.0,0.0,2.16,2.16
594,Dillon Gabriel,QB,CLE,2,1.45,0.0,0.0,1.45
595,Dillon Gabriel,QB,CLE,4,0.44,0.0,0.0,0.44
596,Dillon Gabriel,QB,CLE,5,14.17,0.46,0.0,14.63
597,Dillon Gabriel,QB,CLE,6,23.09,0.0,0.0,23.09
598,Dillon Gabriel,QB,CLE,7,6.95,2.43,0.0,9.38
599,Dont'e Thornton,WR,LVR,1,0.0,0.0,7.38,7.38
600,Dont'e Thornton,WR,LVR,2,0.0,0.0,7.69,7.69
601,Dont'e Thornton,WR,LVR,3,0.0,0.0,6.74,6.74
602,Dont'e Thornton,WR,LVR,4,0.0,0.0,3.4,3.4
603,Dont'e Thornton,WR,LVR,5,0.0,0.0,3.38,3.38
604,Dont'e Thornton,WR,LVR,7,0.0,0.0,4.79,4.79
605,Dontayvion Wicks,WR,GNB,1,0.0,0.0,3.48,3.48
606,Dontayvion Wicks,WR,GNB,2,0.0,0.0,10.97,10.97
607,Dontayvion Wicks,WR,GNB,3,0.0,0.0,6.46,6.46
608,Dontayvion Wicks,WR,GNB,4,0.0,0.0,7.15,7.15
609,Dontayvion Wicks,WR,GNB,6,0.0,0.0,2.75,2.75
610,Dontayvion Wicks,WR,GNB,7,0.0,0.0,3.22,3.22
611,Drake London,WR,ATL,1,0.0,0.0,23.64,23.64
612,Drake London,WR,ATL,2,0.0,0.0,5.83,5.83
613,Drake London,WR,ATL,3,0.0,0.0,13.19,13.19
614,Drake London,WR,ATL,4,0.0,0.0,16.47,16.47
615,Drake London,WR,ATL,6,0.0,0.0,26.66,26.66
616,Drake London,WR,ATL,7,0.0,0.0,16.59,16.59
617,Drake Maye,QB,NWE,1,19.32,2.01,1.52,22.849999999999998
618,Drake Maye,QB,NWE,2,9.03,7.05,0.0,16.08
619,Drake Maye,QB,NWE,3,15.89,4.89,0.0,20.78
620,Drake Maye,QB,NWE,4,8.51,2.27,0.0,10.78
621,Drake Maye,QB,NWE,5,12.6,2.64,0.0,15.24
622,Drake Maye,QB,NWE,6,12.35,5.53,0.0,17.88
623,Drake Maye,QB,NWE,7,10.33,4.87,0.0,15.2
624,Drew Lock,QB,SEA,3,0.92,0.51,0.0,1.4300000000000002
625,Drew Sample,TE,CIN,1,0.0,0.0,1.51,1.51
626,Drew Sample,TE,CIN,2,0.0,0.0,2.7,2.7
627,Drew Sample,TE,CIN,3,0.0,0.0,4.65,4.65
628,Drew Sample,TE,CIN,5,0.0,0.0,1.41,1.41
629,Drew Sample,TE,CIN,6,0.0,0.0,2.87,2.87
630,Dyami Brown,WR,JAX,1,0.0,0.97,6.93,7.8999999999999995
631,Dyami Brown,WR,JAX,2,0.0,0.5,11.54,12.04
632,Dyami Brown,WR,JAX,3,0.0,0.0,5.19,5.19
633,Dyami Brown,WR,JAX,5,0.0,0.0,6.65,6.65
634,Dyami Brown,WR,JAX,6,0.0,0.83,8.27,9.1
635,Dyami Brown,WR,JAX,7,0.0,0.0,7.34,7.34
636,Dylan Laube,RB,LVR,2,0.0,0.0,2.95,2.95
637,Dylan Laube,RB,LVR,3,0.0,1.68,1.63,3.3099999999999996
638,Dylan Laube,RB,LVR,7,0.0,0.73,1.23,1.96
639,Dylan Sampson,RB,CLE,1,0.0,8.04,11.35,19.39
640,Dylan Sampson,RB,CLE,2,0.0,2.61,4.5,7.109999999999999
641,Dylan Sampson,RB,CLE,3,0.0,0.67,0.0,0.67
642,Dylan Sampson,RB,CLE,4,0.0,0.21,1.36,1.57
643,Dylan Sampson,RB,CLE,5,0.0,0.46,2.6,3.06
644,Dylan Sampson,RB,CLE,6,0.0,1.56,2.75,4.3100000000000005
645,Dylan Sampson,RB,CLE,7,0.0,1.93,1.26,3.19
646,Elic Ayomanor,WR,TEN,1,0.0,0.0,11.87,11.87
647,Elic Ayomanor,WR,TEN,2,0.0,0.0,10.36,10.36
648,Elic Ayomanor,WR,TEN,3,0.0,0.0,8.13,8.13
649,Elic Ayomanor,WR,TEN,4,0.0,0.0,12.5,12.5
650,Elic Ayomanor,WR,TEN,5,0.0,0.0,6.1,6.1
651,Elic Ayomanor,WR,TEN,6,0.0,0.0,8.67,8.67
652,Elic Ayomanor,WR,TEN,7,0.0,0.0,7.92,7.92
653,Elijah Arroyo,TE,SEA,1,0.0,0.0,1.5,1.5
654,Elijah Arroyo,TE,SEA,2,0.0,0.0,4.85,4.85
655,Elijah Arroyo,TE,SEA,3,0.0,0.0,1.74,1.74
656,Elijah Arroyo,TE,SEA,4,0.0,0.0,6.89,6.89
657,Elijah Arroyo,TE,SEA,5,0.0,0.0,1.61,1.61
658,Elijah Arroyo,TE,SEA,6,0.0,0.0,3.29,3.29
659,Elijah Arroyo,TE,SEA,7,0.0,0.0,8.46,8.46
660,Elijah Higgins,TE,ARI,1,0.0,0.0,2.98,2.98
661,Elijah Higgins,TE,ARI,2,0.0,0.0,5.19,5.19
662,Elijah Higgins,TE,ARI,3,0.0,0.0,1.62,1.62
663,Elijah Higgins,TE,ARI,5,0.0,0.0,2.73,2.73
664,Elijah Higgins,TE,ARI,6,0.0,0.0,3.15,3.15
665,Elijah Higgins,TE,ARI,7,0.0,0.0,1.27,1.27
666,Elijah Moore,WR,BUF,1,0.0,0.6,1.51,2.11
667,Elijah Moore,WR,BUF,2,0.0,1.52,1.53,3.05
668,Elijah Moore,WR,BUF,3,0.0,0.74,4.39,5.13
669,Elijah Moore,WR,BUF,4,0.0,0.4,0.0,0.4
670,Elijah Moore,WR,BUF,6,0.0,0.0,3.53,3.53
671,Emanuel Wilson,RB,GNB,1,0.0,0.62,0.0,0.62
672,Emanuel Wilson,RB,GNB,3,0.0,4.03,0.0,4.03
673,Emanuel Wilson,RB,GNB,4,0.0,6.15,4.11,10.260000000000002
674,Emanuel Wilson,RB,GNB,6,0.0,1.33,1.25,2.58
675,Emanuel Wilson,RB,GNB,7,0.0,4.15,1.28,5.430000000000001
676,Emari Demercado,RB,ARI,3,0.0,1.43,1.61,3.04
677,Emari Demercado,RB,ARI,4,0.0,1.75,2.95,4.7
678,Emari Demercado,RB,ARI,5,0.0,1.33,0.0,1.33
679,Emari Demercado,RB,ARI,6,0.0,1.1,1.2,2.3
680,Emeka Egbuka,WR,TAM,1,0.0,0.5,10.74,11.24
681,Emeka Egbuka,WR,TAM,2,0.0,0.0,12.46,12.46
682,Emeka Egbuka,WR,TAM,3,0.0,0.0,13.82,13.82
683,Emeka Egbuka,WR,TAM,4,0.0,0.61,17.21,17.82
684,Emeka Egbuka,WR,TAM,5,0.0,0.0,12.87,12.87
685,Emeka Egbuka,WR,TAM,6,0.0,0.0,6.79,6.79
686,Emeka Egbuka,WR,TAM,7,0.0,0.0,21.14,21.14
687,Eric Saubert,TE,SEA,3,0.0,0.0,1.72,1.72
688,Evan Engram,TE,DEN,1,0.0,0.0,5.71,5.71
689,Evan Engram,TE,DEN,2,0.0,0.0,2.98,2.98
690,Evan Engram,TE,DEN,4,0.0,0.0,11.41,11.41
691,Evan Engram,TE,DEN,5,0.0,0.0,10.07,10.07
692,Evan Engram,TE,DEN,6,0.0,0.27,9.04,9.309999999999999
693,Evan Engram,TE,DEN,7,0.0,0.0,11.27,11.27
694,Feleipe Franks,QB,ATL,6,0.0,0.44,0.0,0.44
695,Foster Moreau,TE,NOR,6,0.0,0.0,1.44,1.44
696,Gage Larvadain,WR,CLE,6,0.0,0.0,6.32,6.32
697,Gage Larvadain,WR,CLE,7,0.0,0.0,1.85,1.85
698,Gardner Minshew,QB,KAN,4,0.0,0.85,0.0,0.85
699,Gardner Minshew,QB,KAN,7,0.0,1.4,0.0,1.4
700,Garett Bolles,OL,DEN,7,0.0,0.0,1.78,1.78
701,Garrett Wilson,WR,NYJ,1,0.0,0.0,14.38,14.38
702,Garrett Wilson,WR,NYJ,2,0.0,0.0,12.57,12.57
703,Garrett Wilson,WR,NYJ,3,0.0,0.0,20.9,20.9
704,Garrett Wilson,WR,NYJ,4,0.0,0.0,13.34,13.34
705,Garrett Wilson,WR,NYJ,5,0.0,0.0,17.57,17.57
706,Garrett Wilson,WR,NYJ,6,0.0,0.0,11.69,11.69
707,Geno Smith,QB,LVR,1,14.74,1.09,0.0,15.83
708,Geno Smith,QB,LVR,2,18.77,3.33,0.0,22.1
709,Geno Smith,QB,LVR,3,12.65,1.26,0.0,13.91
710,Geno Smith,QB,LVR,4,7.87,2.13,0.0,10.0
711,Geno Smith,QB,LVR,5,15.6,2.96,0.0,18.56
712,Geno Smith,QB,LVR,6,9.2,2.51,0.0,11.709999999999999
713,Geno Smith,QB,LVR,7,4.25,1.08,0.0,5.33
714,George Holani,RB,SEA,3,0.0,5.56,2.94,8.5
715,George Kittle,TE,SFO,1,0.0,0.0,6.38,6.38
716,George Kittle,TE,SFO,7,0.0,0.0,3.52,3.52
717,George Pickens,WR,DAL,1,0.0,0.0,6.66,6.66
718,George Pickens,WR,DAL,2,0.0,0.0,15.66,15.66
719,George Pickens,WR,DAL,3,0.0,0.0,15.35,15.35
720,George Pickens,WR,DAL,4,0.0,0.0,19.65,19.65
721,George Pickens,WR,DAL,5,0.0,0.0,7.33,7.33
722,George Pickens,WR,DAL,6,0.0,0.0,18.33,18.33
723,George Pickens,WR,DAL,7,0.0,0.0,10.68,10.68
724,Grant Calcaterra,TE,PHI,2,0.0,0.0,2.81,2.81
725,Grant Calcaterra,TE,PHI,4,0.0,0.0,2.93,2.93
726,Grant Calcaterra,TE,PHI,5,0.0,0.0,3.1,3.1
727,Greg Dortch,WR,ARI,1,0.0,0.0,1.48,1.48
728,Greg Dortch,WR,ARI,2,0.0,0.0,1.72,1.72
729,Greg Dortch,WR,ARI,3,0.0,0.96,2.64,3.6
730,Greg Dortch,WR,ARI,4,0.0,0.32,7.62,7.94
731,Greg Dortch,WR,ARI,5,0.0,0.0,2.79,2.79
732,Greg Dortch,WR,ARI,6,0.0,0.0,5.04,5.04
733,Greg Dortch,WR,ARI,7,0.0,0.0,2.75,2.75
734,Gunnar Heim,TE,TEN,1,0.0,0.0,3.74,3.74
735,Gunnar Heim,TE,TEN,2,0.0,0.0,2.98,2.98
736,Gunnar Heim,TE,TEN,3,0.0,0.0,4.57,4.57
737,Gunnar Heim,TE,TEN,4,0.0,0.0,1.61,1.61
738,Gunnar Heim,TE,TEN,5,0.0,0.0,7.82,7.82
739,Gunnar Heim,TE,TEN,6,0.0,0.0,4.77,4.77
740,Gunnar Heim,TE,TEN,7,0.0,0.0,7.82,7.82
741,Harold Fannin,TE,CLE,1,0.0,0.87,14.53,15.399999999999999
742,Harold Fannin,TE,CLE,2,0.0,0.0,7.8,7.8
743,Harold Fannin,TE,CLE,3,0.0,0.0,5.89,5.89
744,Harold Fannin,TE,CLE,4,0.0,0.98,9.24,10.22
745,Harold Fannin,TE,CLE,5,0.0,0.0,5.83,5.83
746,Harold Fannin,TE,CLE,6,0.0,0.0,16.96,16.96
747,Harold Fannin,TE,CLE,7,0.0,0.0,7.51,7.51
748,Harrison Bryant,TE,HOU,2,0.0,0.0,1.68,1.68
749,Harrison Bryant,TE,HOU,5,0.0,0.0,3.07,3.07
750,Hassan Haskins,RB,LAC,5,0.0,3.2,1.66,4.86
751,Hassan Haskins,RB,LAC,6,0.0,3.97,1.67,5.640000000000001
752,Hassan Haskins,RB,LAC,7,0.0,0.81,2.47,3.2800000000000002
753,Hunter Henry,TE,NWE,1,0.0,0.0,14.27,14.27
754,Hunter Henry,TE,NWE,2,0.0,0.0,4.79,4.79
755,Hunter Henry,TE,NWE,3,0.0,0.0,18.84,18.84
756,Hunter Henry,TE,NWE,4,0.0,0.0,3.53,3.53
757,Hunter Henry,TE,NWE,5,0.0,0.0,8.1,8.1
758,Hunter Henry,TE,NWE,6,0.0,0.0,4.53,4.53
759,Hunter Henry,TE,NWE,7,0.0,0.0,7.86,7.86
760,Hunter Long,TE,JAX,1,0.0,0.0,1.76,1.76
761,Hunter Long,TE,JAX,3,0.0,0.0,4.44,4.44
762,Hunter Long,TE,JAX,4,0.0,0.0,5.08,5.08
763,Hunter Long,TE,JAX,5,0.0,0.0,1.31,1.31
764,Hunter Long,TE,JAX,6,0.0,0.0,4.65,4.65
765,Hunter Long,TE,JAX,7,0.0,0.0,4.38,4.38
766,Hunter Luepke,TE,DAL,4,0.0,0.12,1.48,1.6
767,Hunter Luepke,TE,DAL,5,0.0,0.0,1.36,1.36
768,Hunter Luepke,TE,DAL,6,0.0,0.0,2.9,2.9
769,Hunter Luepke,TE,DAL,7,0.0,0.0,1.45,1.45
770,Hunter Renfrow,WR,CAR,1,0.0,0.0,10.37,10.37
771,Hunter Renfrow,WR,CAR,2,0.0,0.0,15.48,15.48
772,Hunter Renfrow,WR,CAR,3,0.0,0.0,6.66,6.66
773,Hunter Renfrow,WR,CAR,4,0.0,0.0,2.77,2.77
774,Hunter Renfrow,WR,CAR,5,0.0,0.0,4.54,4.54
775,Hunter Renfrow,WR,CAR,6,0.0,0.0,2.99,2.99
776,Ian Thomas,TE,LVR,5,0.0,0.0,4.57,4.57
777,Ian Thomas,TE,LVR,6,0.0,0.0,1.51,1.51
778,Isaac TeSlaa,WR,DET,1,0.0,0.0,1.81,1.81
779,Isaac TeSlaa,WR,DET,2,0.0,0.0,2.07,2.07
780,Isaac TeSlaa,WR,DET,3,0.0,0.0,3.53,3.53
781,Isaac TeSlaa,WR,DET,5,0.0,0.0,1.84,1.84
782,Isaac TeSlaa,WR,DET,7,0.0,0.0,1.83,1.83
783,Isaiah Bond,WR,CLE,1,0.0,0.0,1.37,1.37
784,Isaiah Bond,WR,CLE,2,0.0,0.4,4.62,5.0200000000000005
785,Isaiah Bond,WR,CLE,3,0.0,0.0,7.25,7.25
786,Isaiah Bond,WR,CLE,4,0.0,0.0,10.59,10.59
787,Isaiah Bond,WR,CLE,5,0.0,0.0,12.96,12.96
788,Isaiah Bond,WR,CLE,6,0.0,0.0,8.36,8.36
789,Isaiah Davis,RB,NYJ,1,0.0,0.96,0.0,0.96
790,Isaiah Davis,RB,NYJ,2,0.0,0.0,4.82,4.82
791,Isaiah Davis,RB,NYJ,4,0.0,2.35,3.21,5.5600000000000005
792,Isaiah Davis,RB,NYJ,5,0.0,0.82,5.59,6.41
793,Isaiah Davis,RB,NYJ,6,0.0,1.24,1.54,2.7800000000000002
794,Isaiah Davis,RB,NYJ,7,0.0,1.09,5.69,6.78
795,Isaiah Likely,TE,BAL,5,0.0,0.0,1.72,1.72
796,Isaiah Likely,TE,BAL,6,0.0,0.0,3.05,3.05
797,Isiah Pacheco,RB,KAN,1,0.0,3.03,4.06,7.09
798,Isiah Pacheco,RB,KAN,2,0.0,6.39,2.79,9.18
799,Isiah Pacheco,RB,KAN,3,0.0,6.74,1.4,8.14
800,Isiah Pacheco,RB,KAN,4,0.0,5.06,4.81,9.87
801,Isiah Pacheco,RB,KAN,5,0.0,4.18,4.16,8.34
802,Isiah Pacheco,RB,KAN,6,0.0,9.58,4.33,13.91
803,Isiah Pacheco,RB,KAN,7,0.0,9.45,2.72,12.17
804,J.K. Dobbins,RB,DEN,1,0.0,10.63,2.84,13.47
805,J.K. Dobbins,RB,DEN,2,0.0,11.15,3.1,14.25
806,J.K. Dobbins,RB,DEN,3,0.0,6.36,2.58,8.940000000000001
807,J.K. Dobbins,RB,DEN,4,0.0,8.99,1.2,10.19
808,J.K. Dobbins,RB,DEN,5,0.0,13.78,1.41,15.19
809,J.K. Dobbins,RB,DEN,6,0.0,7.75,1.36,9.11
810,J.K. Dobbins,RB,DEN,7,0.0,8.02,1.31,9.33
811,JJ McCarthy,QB,MIN,1,8.09,1.97,0.0,10.06
812,JJ McCarthy,QB,MIN,2,9.87,2.16,0.0,12.03
813,Ja'Marr Chase,WR,CIN,1,0.0,0.0,8.76,8.76
814,Ja'Marr Chase,WR,CIN,2,0.0,0.0,25.97,25.97
815,Ja'Marr Chase,WR,CIN,3,0.0,0.59,9.09,9.68
816,Ja'Marr Chase,WR,CIN,4,0.0,0.0,12.58,12.58
817,Ja'Marr Chase,WR,CIN,5,0.0,0.0,16.87,16.87
818,Ja'Marr Chase,WR,CIN,6,0.0,0.48,19.73,20.21
819,Ja'Marr Chase,WR,CIN,7,0.0,0.0,37.35,37.35
820,Ja'Tavion Sanders,TE,CAR,1,0.0,0.0,5.4,5.4
821,Ja'Tavion Sanders,TE,CAR,2,0.0,0.0,15.29,15.29
822,Ja'Tavion Sanders,TE,CAR,3,0.0,0.0,3.2,3.2
823,Ja'Tavion Sanders,TE,CAR,7,0.0,0.0,3.45,3.45
824,Jacardia Wright,RB,SEA,3,0.0,3.22,0.0,3.22
825,Jack Bech,WR,LVR,1,0.0,0.0,1.55,1.55
826,Jack Bech,WR,LVR,3,0.0,0.0,1.44,1.44
827,Jack Bech,WR,LVR,5,0.0,0.0,8.33,8.33
828,Jack Bech,WR,LVR,6,0.0,0.0,1.63,1.63
829,Jack Bech,WR,LVR,7,0.0,0.0,2.82,2.82
830,Jack Stoll,TE,NOR,3,0.0,0.0,4.76,4.76
831,Jack Stoll,TE,NOR,4,0.0,0.0,1.45,1.45
832,Jack Stoll,TE,NOR,7,0.0,0.0,1.9,1.9
833,Jackson Hawes,TE,BUF,1,0.0,0.0,2.32,2.32
834,Jackson Hawes,TE,BUF,2,0.0,0.0,1.33,1.33
835,Jackson Hawes,TE,BUF,3,0.0,0.0,1.82,1.82
836,Jackson Hawes,TE,BUF,4,0.0,0.0,1.67,1.67
837,Jacob Saylors,RB,DET,4,0.0,0.67,0.0,0.67
838,Jacoby Brissett,QB,ARI,2,0.0,0.64,0.0,0.64
839,Jacoby Brissett,QB,ARI,5,0.32,0.0,0.0,0.32
840,Jacoby Brissett,QB,ARI,6,21.3,2.66,0.0,23.96
841,Jacoby Brissett,QB,ARI,7,17.74,4.05,0.0,21.79
842,Jacory Croskey-Merritt,RB,WAS,1,0.0,5.5,1.33,6.83
843,Jacory Croskey-Merritt,RB,WAS,2,0.0,2.75,1.55,4.3
844,Jacory Croskey-Merritt,RB,WAS,3,0.0,6.29,1.42,7.71
845,Jacory Croskey-Merritt,RB,WAS,4,0.0,5.1,2.84,7.9399999999999995
846,Jacory Croskey-Merritt,RB,WAS,5,0.0,8.78,3.04,11.82
847,Jacory Croskey-Merritt,RB,WAS,6,0.0,10.8,1.66,12.46
848,Jacory Croskey-Merritt,RB,WAS,7,0.0,6.95,2.92,9.870000000000001
849,Jahan Dotson,WR,PHI,1,0.0,0.0,5.08,5.08
850,Jahan Dotson,WR,PHI,2,0.0,0.0,1.26,1.26
851,Jahan Dotson,WR,PHI,3,0.0,0.0,4.87,4.87
852,Jahan Dotson,WR,PHI,5,0.0,0.0,6.07,6.07
853,Jahan Dotson,WR,PHI,6,0.0,0.0,3.35,3.35
854,Jahmyr Gibbs,RB,DET,1,0.0,6.0,15.04,21.04
855,Jahmyr Gibbs,RB,DET,2,0.0,9.43,4.65,14.08
856,Jahmyr Gibbs,RB,DET,3,0.0,15.91,9.37,25.28
857,Jahmyr Gibbs,RB,DET,4,0.0,9.5,2.65,12.15
858,Jahmyr Gibbs,RB,DET,5,0.0,8.58,2.95,11.530000000000001
859,Jahmyr Gibbs,RB,DET,6,0.0,11.41,2.97,14.38
860,Jahmyr Gibbs,RB,DET,7,0.0,9.69,4.23,13.92
861,Jake Bobo,WR,SEA,4,0.0,0.0,1.83,1.83
862,Jake Bobo,WR,SEA,7,0.0,0.0,1.46,1.46
863,Jake Browning,QB,CIN,2,13.99,1.26,0.0,15.25
864,Jake Browning,QB,CIN,3,10.48,0.85,0.0,11.33
865,Jake Browning,QB,CIN,4,10.1,1.6,0.0,11.7
866,Jake Browning,QB,CIN,5,16.96,2.22,0.0,19.18
867,Jake Ferguson,TE,DAL,1,0.0,0.0,9.25,9.25
868,Jake Ferguson,TE,DAL,2,0.0,0.0,19.57,19.57
869,Jake Ferguson,TE,DAL,3,0.0,0.0,20.92,20.92
870,Jake Ferguson,TE,DAL,4,0.0,0.0,10.52,10.52
871,Jake Ferguson,TE,DAL,5,0.0,0.0,14.38,14.38
872,Jake Ferguson,TE,DAL,6,0.0,0.0,5.41,5.41
873,Jake Ferguson,TE,DAL,7,0.0,0.0,11.32,11.32
874,Jake Tonges,TE,SFO,1,0.0,0.0,4.88,4.88
875,Jake Tonges,TE,SFO,2,0.0,0.0,7.34,7.34
876,Jake Tonges,TE,SFO,3,0.0,0.0,5.1,5.1
877,Jake Tonges,TE,SFO,4,0.0,0.0,9.21,9.21
878,Jake Tonges,TE,SFO,5,0.0,0.0,18.09,18.09
879,Jake Tonges,TE,SFO,6,0.0,0.0,11.02,11.02
880,Jakobi Meyers,WR,LVR,1,0.0,0.0,15.89,15.89
881,Jakobi Meyers,WR,LVR,2,0.0,0.0,20.74,20.74
882,Jakobi Meyers,WR,LVR,3,0.0,0.0,6.9,6.9
883,Jakobi Meyers,WR,LVR,4,0.0,0.0,10.61,10.61
884,Jakobi Meyers,WR,LVR,5,0.0,0.0,10.26,10.26
885,Jakobi Meyers,WR,LVR,6,0.0,0.0,6.6,6.6
886,Jaleel McLaughlin,RB,DEN,6,0.0,0.45,1.32,1.77
887,Jalen Coker,WR,CAR,7,0.0,0.0,3.72,3.72
888,Jalen Hurts,QB,PHI,1,8.44,9.84,0.0,18.28
889,Jalen Hurts,QB,PHI,2,8.73,7.67,0.0,16.4
890,Jalen Hurts,QB,PHI,3,13.55,7.97,0.0,21.52
891,Jalen Hurts,QB,PHI,4,10.2,6.52,0.0,16.72
892,Jalen Hurts,QB,PHI,5,16.14,0.58,0.0,16.72
893,Jalen Hurts,QB,PHI,6,14.64,6.71,0.0,21.35
894,Jalen Hurts,QB,PHI,7,10.75,2.43,0.0,13.18
895,Jalen Milroe,QB,SEA,1,0.0,0.72,0.0,0.72
896,Jalen Milroe,QB,SEA,3,0.0,0.5,0.0,0.5
897,Jalen Milroe,QB,SEA,5,0.0,0.73,0.0,0.73
898,Jalen Nailor,WR,MIN,1,0.0,0.0,4.64,4.64
899,Jalen Nailor,WR,MIN,2,0.0,0.0,8.63,8.63
900,Jalen Nailor,WR,MIN,3,0.0,0.0,8.75,8.75
901,Jalen Nailor,WR,MIN,4,0.0,0.0,6.82,6.82
902,Jalen Nailor,WR,MIN,5,0.0,0.33,6.28,6.61
903,Jalen Nailor,WR,MIN,7,0.0,0.0,6.98,6.98
904,Jalen Tolbert,WR,DAL,1,0.0,0.0,3.26,3.26
905,Jalen Tolbert,WR,DAL,2,0.0,0.0,6.13,6.13
906,Jalen Tolbert,WR,DAL,3,0.0,0.0,9.92,9.92
907,Jalen Tolbert,WR,DAL,4,0.0,0.0,10.76,10.76
908,Jalen Tolbert,WR,DAL,5,0.0,0.0,1.85,1.85
909,Jalen Tolbert,WR,DAL,6,0.0,0.0,1.4,1.4
910,Jalen Tolbert,WR,DAL,7,0.0,0.0,3.73,3.73
911,Jalin Hyatt,WR,NYG,5,0.0,0.0,6.39,6.39
912,Jalin Hyatt,WR,NYG,6,0.0,0.0,7.52,7.52
913,Jalin Hyatt,WR,NYG,7,0.0,0.0,2.43,2.43
914,Jamari Thrash,WR,CLE,1,0.0,0.0,1.27,1.27
915,Jamari Thrash,WR,CLE,2,0.0,0.0,1.6,1.6
916,Jamari Thrash,WR,CLE,3,0.0,0.0,4.95,4.95
917,Jamari Thrash,WR,CLE,5,0.0,0.0,1.65,1.65
918,Jamari Thrash,WR,CLE,6,0.0,0.0,5.01,5.01
919,Jamari Thrash,WR,CLE,7,0.0,0.0,3.19,3.19
920,James Conner,RB,ARI,1,0.0,6.33,5.78,12.11
921,James Conner,RB,ARI,2,0.0,6.47,1.31,7.779999999999999
922,James Conner,RB,ARI,3,0.0,4.44,5.88,10.32
923,James Cook,RB,BUF,1,0.0,10.09,6.92,17.009999999999998
924,James Cook,RB,BUF,2,0.0,16.42,1.47,17.89
925,James Cook,RB,BUF,3,0.0,12.8,4.42,17.22
926,James Cook,RB,BUF,4,0.0,13.12,6.19,19.31
927,James Cook,RB,BUF,5,0.0,9.43,1.35,10.78
928,James Cook,RB,BUF,6,0.0,10.2,0.0,10.2
929,James Mitchell,TE,CAR,4,0.0,0.0,2.96,2.96
930,James Mitchell,TE,CAR,5,0.0,0.0,1.29,1.29
931,Jameson Williams,WR,DET,1,0.0,0.8,8.27,9.07
932,Jameson Williams,WR,DET,2,0.0,0.0,8.36,8.36
933,Jameson Williams,WR,DET,3,0.0,0.0,5.89,5.89
934,Jameson Williams,WR,DET,4,0.0,0.37,15.57,15.94
935,Jameson Williams,WR,DET,5,0.0,0.53,1.62,2.1500000000000004
936,Jameson Williams,WR,DET,6,0.0,0.0,11.24,11.24
937,Jameson Williams,WR,DET,7,0.0,0.0,4.15,4.15
938,Jared Goff,QB,DET,1,16.45,0.3,0.0,16.75
939,Jared Goff,QB,DET,2,14.41,0.56,0.0,14.97
940,Jared Goff,QB,DET,3,12.79,2.67,0.0,15.459999999999999
941,Jared Goff,QB,DET,4,13.28,0.0,0.0,13.28
942,Jared Goff,QB,DET,5,9.1,1.83,0.0,10.93
943,Jared Goff,QB,DET,6,11.44,0.48,0.0,11.92
944,Jared Goff,QB,DET,7,11.2,1.48,0.0,12.68
945,Jason Brownlee,WR,KAN,1,0.0,0.0,1.73,1.73
946,Jauan Jennings,WR,SFO,1,0.0,0.0,8.85,8.85
947,Jauan Jennings,WR,SFO,2,0.0,0.0,16.84,16.84
948,Jauan Jennings,WR,SFO,4,0.0,0.0,7.21,7.21
949,Jauan Jennings,WR,SFO,6,0.0,0.0,5.67,5.67
950,Jauan Jennings,WR,SFO,7,0.0,0.0,11.8,11.8
951,Javonte Williams,RB,DAL,1,0.0,10.19,4.37,14.559999999999999
952,Javonte Williams,RB,DAL,2,0.0,11.47,9.29,20.759999999999998
953,Javonte Williams,RB,DAL,3,0.0,6.04,7.53,13.57
954,Javonte Williams,RB,DAL,4,0.0,13.56,4.38,17.94
955,Javonte Williams,RB,DAL,5,0.0,10.36,3.37,13.73
956,Javonte Williams,RB,DAL,6,0.0,8.29,12.45,20.74
957,Javonte Williams,RB,DAL,7,0.0,11.75,5.67,17.42
958,Jaxon Smith-Njigba,WR,SEA,1,0.0,0.0,22.74,22.74
959,Jaxon Smith-Njigba,WR,SEA,2,0.0,0.0,16.9,16.9
960,Jaxon Smith-Njigba,WR,SEA,3,0.0,0.0,10.63,10.63
961,Jaxon Smith-Njigba,WR,SEA,4,0.0,1.16,8.46,9.620000000000001
962,Jaxon Smith-Njigba,WR,SEA,5,0.0,0.0,15.01,15.01
963,Jaxon Smith-Njigba,WR,SEA,6,0.0,0.0,21.51,21.51
964,Jaxon Smith-Njigba,WR,SEA,7,0.0,0.0,24.31,24.31
965,Jaxson Dart,QB,NYG,2,0.0,0.98,0.0,0.98
966,Jaxson Dart,QB,NYG,3,0.0,0.57,0.0,0.57
967,Jaxson Dart,QB,NYG,4,8.43,7.73,0.0,16.16
968,Jaxson Dart,QB,NYG,5,18.07,4.49,0.0,22.560000000000002
969,Jaxson Dart,QB,NYG,6,11.09,10.85,0.0,21.939999999999998
970,Jaxson Dart,QB,NYG,7,15.07,4.41,0.0,19.48
971,Jayden Daniels,QB,WAS,1,13.31,7.0,0.0,20.310000000000002
972,Jayden Daniels,QB,WAS,2,17.43,4.87,0.0,22.3
973,Jayden Daniels,QB,WAS,5,11.59,4.14,0.0,15.73
974,Jayden Daniels,QB,WAS,6,12.12,5.89,0.0,18.009999999999998
975,Jayden Daniels,QB,WAS,7,9.03,5.17,0.0,14.2
976,Jayden Higgins,WR,HOU,1,0.0,0.0,5.29,5.29
977,Jayden Higgins,WR,HOU,2,0.0,0.0,1.57,1.57
978,Jayden Higgins,WR,HOU,3,0.0,0.0,1.62,1.62
979,Jayden Higgins,WR,HOU,4,0.0,0.0,2.07,2.07
980,Jayden Higgins,WR,HOU,5,0.0,0.0,6.55,6.55
981,Jayden Higgins,WR,HOU,7,0.0,0.0,5.11,5.11
982,Jayden Reed,WR,GNB,1,0.0,0.0,9.4,9.4
983,Jaydon Blue,RB,DAL,5,0.0,2.11,0.0,2.11
984,Jaydon Blue,RB,DAL,6,0.0,1.58,0.0,1.58
985,Jaydon Blue,RB,DAL,7,0.0,3.04,1.45,4.49
986,Jaylen Waddle,WR,MIA,1,0.0,0.0,7.61,7.61
987,Jaylen Waddle,WR,MIA,2,0.0,0.0,10.73,10.73
988,Jaylen Waddle,WR,MIA,3,0.0,0.0,9.33,9.33
989,Jaylen Waddle,WR,MIA,4,0.0,0.0,9.84,9.84
990,Jaylen Waddle,WR,MIA,5,0.0,0.0,15.5,15.5
991,Jaylen Waddle,WR,MIA,6,0.22,0.0,13.97,14.190000000000001
992,Jaylen Waddle,WR,MIA,7,0.0,0.0,7.78,7.78
993,Jaylen Warren,RB,PIT,1,0.0,8.71,3.13,11.84
994,Jaylen Warren,RB,PIT,2,0.0,9.73,5.48,15.21
995,Jaylen Warren,RB,PIT,3,0.0,14.1,8.23,22.33
996,Jaylen Warren,RB,PIT,6,0.0,7.45,2.96,10.41
997,Jaylen Warren,RB,PIT,7,0.0,10.84,7.11,17.95
998,Jaylin Lane,WR,WAS,1,0.0,0.0,3.47,3.47
999,Jaylin Lane,WR,WAS,2,0.0,0.0,5.87,5.87
1000,Jaylin Lane,WR,WAS,3,0.0,0.0,3.24,3.24
1001,Jaylin Lane,WR,WAS,4,0.0,0.0,5.27,5.27
1002,Jaylin Lane,WR,WAS,5,0.0,0.0,3.12,3.12
1003,Jaylin Lane,WR,WAS,6,0.0,0.59,3.53,4.12
1004,Jaylin Lane,WR,WAS,7,0.0,0.0,10.55,10.55
1005,Jaylin Noel,WR,HOU,1,0.0,0.0,2.72,2.72
1006,Jaylin Noel,WR,HOU,3,0.0,0.0,1.15,1.15
1007,Jaylin Noel,WR,HOU,4,0.0,0.53,1.39,1.92
1008,Jaylin Noel,WR,HOU,5,0.0,0.57,5.19,5.760000000000001
1009,Jaylin Noel,WR,HOU,7,0.0,0.0,12.44,12.44
1010,Jeremy McNichols,RB,WAS,1,0.0,2.46,0.0,2.46
1011,Jeremy McNichols,RB,WAS,3,0.0,1.97,0.0,1.97
1012,Jeremy McNichols,RB,WAS,4,0.0,1.52,2.65,4.17
1013,Jeremy McNichols,RB,WAS,5,0.0,0.48,2.75,3.23
1014,Jeremy McNichols,RB,WAS,6,0.0,1.58,6.08,7.66
1015,Jeremy McNichols,RB,WAS,7,0.0,0.99,4.01,5.0
1016,Jeremy Ruckert,WR,NYJ,1,0.0,0.0,3.42,3.42
1017,Jeremy Ruckert,WR,NYJ,2,0.0,0.0,1.73,1.73
1018,Jeremy Ruckert,WR,NYJ,4,0.0,0.0,1.78,1.78
1019,Jeremy Ruckert,WR,NYJ,5,0.0,0.0,6.42,6.42
1020,Jeremy Ruckert,WR,NYJ,7,0.0,0.0,1.47,1.47
1021,Jerome Ford,RB,CLE,1,0.0,5.29,1.38,6.67
1022,Jerome Ford,RB,CLE,2,0.0,4.54,8.66,13.2
1023,Jerome Ford,RB,CLE,3,0.0,0.0,6.23,6.23
1024,Jerome Ford,RB,CLE,4,0.0,0.54,2.88,3.42
1025,Jerome Ford,RB,CLE,5,0.0,4.26,2.79,7.05
1026,Jerome Ford,RB,CLE,6,0.0,1.24,8.81,10.05
1027,Jerome Ford,RB,CLE,7,0.0,0.64,2.94,3.58
1028,Jerry Jeudy,WR,CLE,1,0.0,0.0,13.97,13.97
1029,Jerry Jeudy,WR,CLE,2,0.0,0.0,14.07,14.07
1030,Jerry Jeudy,WR,CLE,3,0.0,0.0,9.24,9.24
1031,Jerry Jeudy,WR,CLE,4,0.0,0.0,15.31,15.31
1032,Jerry Jeudy,WR,CLE,5,0.0,0.0,8.22,8.22
1033,Jerry Jeudy,WR,CLE,6,0.0,0.0,21.63,21.63
1034,Jerry Jeudy,WR,CLE,7,0.0,0.0,6.4,6.4
1035,Jimmy Garoppolo,QB,LAR,7,0.0,0.57,0.0,0.57
1036,Jimmy Horn,WR,CAR,5,0.0,0.93,4.71,5.64
1037,Jimmy Horn,WR,CAR,6,0.0,0.65,3.47,4.12
1038,Jimmy Horn,WR,CAR,7,0.0,0.52,3.43,3.95
1039,Joe Burrow,QB,CIN,1,10.29,1.24,0.0,11.53
1040,Joe Burrow,QB,CIN,2,5.5,0.0,0.0,5.5
1041,Joe Flacco,QB,CIN,6,19.23,0.0,0.0,19.23
1042,Joe Flacco,QB,CIN,7,21.91,4.07,0.0,25.98
1043,Joe Flacco,QB,CLE,1,18.9,1.58,0.0,20.479999999999997
1044,Joe Flacco,QB,CLE,2,18.61,0.88,0.0,19.49
1045,Joe Flacco,QB,CLE,3,15.07,0.0,0.0,15.07
1046,Joe Flacco,QB,CLE,4,14.66,2.94,0.0,17.6
1047,Joe Milton,QB,DAL,3,3.07,0.0,0.0,3.07
1048,John Bates,TE,WAS,5,0.0,0.0,1.24,1.24
1049,John Bates,TE,WAS,7,0.0,0.0,3.17,3.17
1050,John FitzPatrick,TE,GNB,1,0.0,0.0,1.5,1.5
1051,John FitzPatrick,TE,GNB,3,0.0,0.0,3.36,3.36
1052,John FitzPatrick,TE,GNB,7,0.0,0.0,1.47,1.47
1053,John Metchie,WR,PHI,2,0.0,0.0,1.24,1.24
1054,John Metchie,WR,PHI,3,0.0,0.0,1.59,1.59
1055,John Metchie,WR,PHI,4,0.0,0.0,2.87,2.87
1056,Johnny Mundt,TE,JAX,1,0.0,0.0,1.51,1.51
1057,Johnny Mundt,TE,JAX,3,0.0,0.0,1.38,1.38
1058,Johnny Mundt,TE,JAX,4,0.0,0.0,1.86,1.86
1059,Johnny Mundt,TE,JAX,5,0.0,0.0,1.61,1.61
1060,Johnny Mundt,TE,JAX,6,0.0,0.0,2.84,2.84
1061,Johnny Mundt,TE,JAX,7,0.0,0.0,6.58,6.58
1062,Jonathan Taylor,RB,IND,1,0.0,14.6,4.07,18.67
1063,Jonathan Taylor,RB,IND,2,0.0,13.52,3.08,16.6
1064,Jonathan Taylor,RB,IND,3,0.0,14.73,5.94,20.67
1065,Jonathan Taylor,RB,IND,4,0.0,9.1,6.39,15.489999999999998
1066,Jonathan Taylor,RB,IND,5,0.0,15.4,6.43,21.83
1067,Jonathan Taylor,RB,IND,6,0.0,14.61,5.53,20.14
1068,Jonathan Taylor,RB,IND,7,0.0,11.69,4.39,16.08
1069,Jonnu Smith,TE,PIT,1,0.0,0.0,9.06,9.06
1070,Jonnu Smith,TE,PIT,2,0.0,0.0,5.9,5.9
1071,Jonnu Smith,TE,PIT,3,0.0,0.0,4.49,4.49
1072,Jonnu Smith,TE,PIT,4,0.0,0.0,4.24,4.24
1073,Jonnu Smith,TE,PIT,6,0.0,0.44,6.03,6.470000000000001
1074,Jonnu Smith,TE,PIT,7,0.0,0.0,10.58,10.58
1075,Jordan Addison,WR,MIN,4,0.0,0.0,13.63,13.63
1076,Jordan Addison,WR,MIN,5,0.0,0.0,9.89,9.89
1077,Jordan Addison,WR,MIN,7,0.0,0.0,21.37,21.37
1078,Jordan Love,QB,GNB,1,11.32,2.79,0.0,14.11
1079,Jordan Love,QB,GNB,2,16.05,2.33,0.0,18.380000000000003
1080,Jordan Love,QB,GNB,3,8.24,1.82,0.0,10.06
1081,Jordan Love,QB,GNB,4,17.77,1.73,0.0,19.5
1082,Jordan Love,QB,GNB,6,12.1,5.62,0.0,17.72
1083,Jordan Love,QB,GNB,7,12.73,2.31,0.0,15.040000000000001
1084,Jordan Mason,RB,MIN,1,0.0,8.56,1.08,9.64
1085,Jordan Mason,RB,MIN,2,0.0,5.63,4.12,9.75
1086,Jordan Mason,RB,MIN,3,0.0,11.72,0.0,11.72
1087,Jordan Mason,RB,MIN,4,0.0,9.01,4.09,13.1
1088,Jordan Mason,RB,MIN,5,0.0,6.58,5.5,12.08
1089,Jordan Mason,RB,MIN,7,0.0,11.03,0.0,11.03
1090,Jordan Whittington,WR,LAR,1,0.0,1.1,0.0,1.1
1091,Jordan Whittington,WR,LAR,2,0.0,0.0,3.98,3.98
1092,Jordan Whittington,WR,LAR,3,0.0,1.72,4.74,6.46
1093,Jordan Whittington,WR,LAR,4,0.0,0.0,1.56,1.56
1094,Jordan Whittington,WR,LAR,5,0.0,0.0,5.24,5.24
1095,Jordan Whittington,WR,LAR,6,0.0,0.0,6.14,6.14
1096,Jordan Whittington,WR,LAR,7,0.0,0.0,6.43,6.43
1097,Josh Allen,QB,BUF,1,20.74,12.56,0.0,33.3
1098,Josh Allen,QB,BUF,2,10.11,2.97,0.0,13.08
1099,Josh Allen,QB,BUF,3,11.78,1.97,0.0,13.75
1100,Josh Allen,QB,BUF,4,9.92,5.09,0.0,15.01
1101,Josh Allen,QB,BUF,5,14.84,5.93,0.0,20.77
1102,Josh Allen,QB,BUF,6,12.4,3.73,0.0,16.13
1103,Josh Downs,WR,IND,1,0.0,0.0,4.48,4.48
1104,Josh Downs,WR,IND,2,0.0,0.0,12.77,12.77
1105,Josh Downs,WR,IND,3,0.0,0.0,5.71,5.71
1106,Josh Downs,WR,IND,4,0.0,0.0,7.36,7.36
1107,Josh Downs,WR,IND,5,0.0,0.0,12.85,12.85
1108,Josh Downs,WR,IND,6,0.0,0.0,11.37,11.37
1109,Josh Jacobs,RB,GNB,1,0.0,14.15,1.65,15.8
1110,Josh Jacobs,RB,GNB,2,0.0,14.93,0.0,14.93
1111,Josh Jacobs,RB,GNB,3,0.0,11.99,11.83,23.82
1112,Josh Jacobs,RB,GNB,4,0.0,17.07,5.5,22.57
1113,Josh Jacobs,RB,GNB,6,0.0,13.02,7.81,20.83
1114,Josh Jacobs,RB,GNB,7,0.0,10.5,1.32,11.82
1115,Josh Karty,K,LAR,3,0.0,0.0,0.0,0.0
1116,Josh Oliver,TE,MIN,1,0.0,0.0,1.34,1.34
1117,Josh Oliver,TE,MIN,3,0.0,0.0,1.67,1.67
1118,Josh Oliver,TE,MIN,4,0.0,0.0,1.68,1.68
1119,Josh Oliver,TE,MIN,5,0.0,0.0,4.96,4.96
1120,Josh Oliver,TE,MIN,7,0.0,0.0,1.65,1.65
1121,Josh Reynolds,WR,NYJ,1,0.0,0.0,4.77,4.77
1122,Josh Reynolds,WR,NYJ,4,0.0,0.0,3.6,3.6
1123,Josh Reynolds,WR,NYJ,5,0.0,0.0,6.69,6.69
1124,Josh Reynolds,WR,NYJ,6,0.0,0.0,4.6,4.6
1125,Josh Reynolds,WR,NYJ,7,0.0,0.0,16.11,16.11
1126,Joshua Dobbs,QB,NWE,4,0.62,1.09,0.0,1.71
1127,Joshua Dobbs,QB,NWE,7,0.55,1.47,0.0,2.02
1128,Joshua Palmer,WR,BUF,1,0.0,0.0,15.63,15.63
1129,Joshua Palmer,WR,BUF,2,0.0,0.0,5.47,5.47
1130,Joshua Palmer,WR,BUF,3,0.0,0.0,1.63,1.63
1131,Joshua Palmer,WR,BUF,4,0.0,0.0,4.57,4.57
1132,Joshua Palmer,WR,BUF,5,0.0,0.0,3.47,3.47
1133,Joshua Palmer,WR,BUF,6,0.0,0.0,4.05,4.05
1134,JuJu Smith-Schuster,WR,KAN,1,0.0,0.0,7.88,7.88
1135,JuJu Smith-Schuster,WR,KAN,2,0.0,0.0,4.97,4.97
1136,JuJu Smith-Schuster,WR,KAN,3,0.0,0.0,5.93,5.93
1137,JuJu Smith-Schuster,WR,KAN,4,0.0,0.0,10.63,10.63
1138,JuJu Smith-Schuster,WR,KAN,5,0.0,0.0,4.77,4.77
1139,JuJu Smith-Schuster,WR,KAN,6,0.0,0.0,4.43,4.43
1140,JuJu Smith-Schuster,WR,KAN,7,0.0,0.0,5.13,5.13
1141,Julian Hill,TE,MIA,1,0.0,0.0,0.0,0.0
1142,Julian Hill,TE,MIA,3,0.0,0.0,1.47,1.47
1143,Julian Hill,TE,MIA,4,0.0,0.0,3.1,3.1
1144,Julian Hill,TE,MIA,5,0.0,0.0,8.21,8.21
1145,Julian Hill,TE,MIA,6,0.0,0.0,5.4,5.4
1146,Julian Hill,TE,MIA,7,0.0,0.0,2.88,2.88
1147,Julius Chestnut,RB,TEN,1,0.0,2.22,0.0,2.22
1148,Julius Chestnut,RB,TEN,3,0.0,2.16,0.0,2.16
1149,Julius Chestnut,RB,TEN,4,0.0,0.55,1.57,2.12
1150,Julius Chestnut,RB,TEN,5,0.0,0.68,1.5,2.18
1151,Justice Hill,RB,BAL,1,0.0,1.75,2.72,4.470000000000001
1152,Justice Hill,RB,BAL,2,0.0,0.45,3.7,4.15
1153,Justice Hill,RB,BAL,3,0.0,0.0,5.59,5.59
1154,Justice Hill,RB,BAL,4,0.0,1.78,8.6,10.379999999999999
1155,Justice Hill,RB,BAL,5,0.0,0.4,2.6,3.0
1156,Justice Hill,RB,BAL,6,0.0,4.43,9.03,13.459999999999999
1157,Justin Fields,QB,NYJ,1,9.17,10.18,0.0,19.35
1158,Justin Fields,QB,NYJ,2,4.23,2.66,0.0,6.890000000000001
1159,Justin Fields,QB,NYJ,4,11.43,4.22,0.0,15.649999999999999
1160,Justin Fields,QB,NYJ,5,20.17,5.25,0.0,25.42
1161,Justin Fields,QB,NYJ,6,6.39,4.03,0.0,10.42
1162,Justin Fields,QB,NYJ,7,4.71,1.65,0.0,6.359999999999999
1163,Justin Herbert,QB,LAC,1,15.62,3.45,0.0,19.07
1164,Justin Herbert,QB,LAC,2,11.91,5.96,0.0,17.87
1165,Justin Herbert,QB,LAC,3,22.31,1.37,0.0,23.68
1166,Justin Herbert,QB,LAC,4,15.54,0.09,0.0,15.629999999999999
1167,Justin Herbert,QB,LAC,5,11.74,2.23,0.0,13.97
1168,Justin Herbert,QB,LAC,6,16.94,0.65,0.0,17.59
1169,Justin Herbert,QB,LAC,7,25.2,4.6,0.0,29.799999999999997
1170,Justin Jefferson,WR,MIN,1,0.0,0.36,12.46,12.82
1171,Justin Jefferson,WR,MIN,2,0.0,0.0,10.89,10.89
1172,Justin Jefferson,WR,MIN,3,0.0,0.0,10.77,10.77
1173,Justin Jefferson,WR,MIN,4,0.0,0.0,18.84,18.84
1174,Justin Jefferson,WR,MIN,5,0.0,0.0,19.53,19.53
1175,Justin Jefferson,WR,MIN,7,0.0,0.0,17.7,17.7
1176,Justin Watson,WR,HOU,1,0.0,0.0,2.76,2.76
1177,Justin Watson,WR,HOU,2,0.0,0.0,3.51,3.51
1178,Juwan Johnson,TE,NOR,1,0.0,0.0,17.93,17.93
1179,Juwan Johnson,TE,NOR,2,0.0,0.0,14.11,14.11
1180,Juwan Johnson,TE,NOR,3,0.0,0.0,12.08,12.08
1181,Juwan Johnson,TE,NOR,4,0.0,0.0,4.45,4.45
1182,Juwan Johnson,TE,NOR,5,0.0,0.0,6.87,6.87
1183,Juwan Johnson,TE,NOR,6,0.0,0.0,3.27,3.27
1184,Juwan Johnson,TE,NOR,7,0.0,0.0,11.81,11.81
1185,KaVontae Turpin,WR,DAL,1,0.0,1.56,2.78,4.34
1186,KaVontae Turpin,WR,DAL,2,0.0,0.64,6.82,7.46
1187,KaVontae Turpin,WR,DAL,3,0.0,0.65,6.22,6.87
1188,KaVontae Turpin,WR,DAL,4,0.0,0.47,6.15,6.62
1189,KaVontae Turpin,WR,DAL,7,0.0,0.0,1.43,1.43
1190,Kaleb Johnson,RB,PIT,1,0.0,0.44,0.0,0.44
1191,Kaleb Johnson,RB,PIT,2,0.0,0.73,0.0,0.73
1192,Kaleb Johnson,RB,PIT,4,0.0,4.9,1.48,6.380000000000001
1193,Kaleb Johnson,RB,PIT,6,0.0,3.56,0.0,3.56
1194,Kalif Raymond,WR,DET,1,0.0,0.0,5.07,5.07
1195,Kalif Raymond,WR,DET,2,0.0,0.56,1.87,2.43
1196,Kalif Raymond,WR,DET,3,0.0,0.0,2.86,2.86
1197,Kalif Raymond,WR,DET,4,0.0,0.0,4.81,4.81
1198,Kalif Raymond,WR,DET,7,0.0,0.0,4.76,4.76
1199,Kameron Johnson,WR,TAM,5,0.0,0.69,0.0,0.69
1200,Kameron Johnson,WR,TAM,6,0.0,0.0,6.8,6.8
1201,Kameron Johnson,WR,TAM,7,0.0,0.0,1.77,1.77
1202,Kareem Hunt,RB,KAN,1,0.0,3.21,4.38,7.59
1203,Kareem Hunt,RB,KAN,2,0.0,5.65,1.42,7.07
1204,Kareem Hunt,RB,KAN,3,0.0,4.72,1.29,6.01
1205,Kareem Hunt,RB,KAN,4,0.0,10.16,1.61,11.77
1206,Kareem Hunt,RB,KAN,5,0.0,6.37,1.29,7.66
1207,Kareem Hunt,RB,KAN,6,0.0,4.13,1.53,5.66
1208,Kareem Hunt,RB,KAN,7,0.0,2.53,0.0,2.53
1209,Kayshon Boutte,WR,NWE,1,0.0,0.0,14.32,14.32
1210,Kayshon Boutte,WR,NWE,2,0.0,0.0,2.01,2.01
1211,Kayshon Boutte,WR,NWE,3,0.0,0.0,5.21,5.21
1212,Kayshon Boutte,WR,NWE,4,0.0,0.0,5.55,5.55
1213,Kayshon Boutte,WR,NWE,5,0.0,0.0,5.06,5.06
1214,Kayshon Boutte,WR,NWE,6,0.0,0.0,8.91,8.91
1215,Kayshon Boutte,WR,NWE,7,0.0,0.0,4.1,4.1
1216,KeAndre Lambert-Smith,WR,LAC,1,0.0,0.0,2.04,2.04
1217,KeAndre Lambert-Smith,WR,LAC,6,0.0,0.0,3.39,3.39
1218,Keaton Mitchell,RB,BAL,5,0.0,1.71,1.26,2.9699999999999998
1219,Keenan Allen,WR,LAC,1,0.0,0.0,15.86,15.86
1220,Keenan Allen,WR,LAC,2,0.0,0.0,11.62,11.62
1221,Keenan Allen,WR,LAC,3,0.0,0.0,18.96,18.96
1222,Keenan Allen,WR,LAC,4,0.0,0.0,10.63,10.63
1223,Keenan Allen,WR,LAC,5,0.0,0.0,14.81,14.81
1224,Keenan Allen,WR,LAC,6,0.0,0.0,11.71,11.71
1225,Keenan Allen,WR,LAC,7,0.0,0.0,22.71,22.71
1226,Kendre Miller,RB,NOR,1,0.0,3.17,0.0,3.17
1227,Kendre Miller,RB,NOR,2,0.0,3.61,1.25,4.859999999999999
1228,Kendre Miller,RB,NOR,3,0.0,3.0,2.5,5.5
1229,Kendre Miller,RB,NOR,4,0.0,9.16,0.0,9.16
1230,Kendre Miller,RB,NOR,5,0.0,5.55,1.31,6.859999999999999
1231,Kendre Miller,RB,NOR,6,0.0,4.62,1.61,6.23
1232,Kendre Miller,RB,NOR,7,0.0,0.56,0.0,0.56
1233,Kendrick Bourne,WR,SFO,2,0.0,0.0,5.0,5.0
1234,Kendrick Bourne,WR,SFO,3,0.0,0.0,9.29,9.29
1235,Kendrick Bourne,WR,SFO,4,0.0,0.0,6.44,6.44
1236,Kendrick Bourne,WR,SFO,5,0.0,0.0,17.69,17.69
1237,Kendrick Bourne,WR,SFO,6,0.0,0.0,15.73,15.73
1238,Kendrick Bourne,WR,SFO,7,0.0,0.0,3.29,3.29
1239,Kenneth Gainwell,RB,PIT,1,0.0,4.66,5.77,10.43
1240,Kenneth Gainwell,RB,PIT,2,0.0,3.01,7.17,10.18
1241,Kenneth Gainwell,RB,PIT,3,0.0,3.14,1.44,4.58
1242,Kenneth Gainwell,RB,PIT,4,0.0,14.74,9.46,24.200000000000003
1243,Kenneth Gainwell,RB,PIT,6,0.0,3.44,8.22,11.66
1244,Kenneth Gainwell,RB,PIT,7,0.0,1.85,3.07,4.92
1245,Kenneth Walker,RB,SEA,1,0.0,7.22,3.89,11.11
1246,Kenneth Walker,RB,SEA,2,0.0,8.12,1.31,9.43
1247,Kenneth Walker,RB,SEA,3,0.0,11.68,1.74,13.42
1248,Kenneth Walker,RB,SEA,4,0.0,11.82,3.01,14.83
1249,Kenneth Walker,RB,SEA,5,0.0,7.49,1.49,8.98
1250,Kenneth Walker,RB,SEA,6,0.0,5.26,1.66,6.92
1251,Kenneth Walker,RB,SEA,7,0.0,10.03,0.0,10.03
1252,Kenny Pickett,QB,LVR,7,0.4,0.27,0.0,0.67
1253,Keon Coleman,WR,BUF,1,0.0,0.0,18.61,18.61
1254,Keon Coleman,WR,BUF,2,0.0,0.0,4.77,4.77
1255,Keon Coleman,WR,BUF,3,0.0,0.0,6.08,6.08
1256,Keon Coleman,WR,BUF,4,0.0,0.0,7.17,7.17
1257,Keon Coleman,WR,BUF,5,0.0,0.0,12.03,12.03
1258,Keon Coleman,WR,BUF,6,0.0,0.0,9.34,9.34
1259,Kevin Austin,WR,NOR,3,0.0,0.0,1.9,1.9
1260,Khadarel Hodge,WR,ATL,1,0.0,0.0,2.1,2.1
1261,Khalil Shakir,WR,BUF,1,0.0,0.0,15.11,15.11
1262,Khalil Shakir,WR,BUF,2,0.0,0.0,3.42,3.42
1263,Khalil Shakir,WR,BUF,3,0.0,0.0,6.48,6.48
1264,Khalil Shakir,WR,BUF,4,0.0,0.0,7.79,7.79
1265,Khalil Shakir,WR,BUF,5,0.0,0.66,14.31,14.97
1266,Khalil Shakir,WR,BUF,6,0.0,0.0,8.47,8.47
1267,Kimani Vidal,RB,LAC,5,0.0,3.94,1.51,5.45
1268,Kimani Vidal,RB,LAC,6,0.0,13.62,6.51,20.13
1269,Kimani Vidal,RB,LAC,7,0.0,6.19,7.57,13.760000000000002
1270,Kirk Cousins,QB,ATL,3,1.81,0.0,0.0,1.81
1271,Konata Mumpfield,WR,LAR,6,0.0,0.0,3.4,3.4
1272,Konata Mumpfield,WR,LAR,7,0.0,0.0,2.0,2.0
1273,Kyle Allen,QB,DET,4,0.0,0.78,0.0,0.78
1274,Kyle Juszczyk,RB,SFO,1,0.0,0.0,3.37,3.37
1275,Kyle Juszczyk,RB,SFO,2,0.0,0.0,1.6,1.6
1276,Kyle Juszczyk,RB,SFO,3,0.0,0.0,1.77,1.77
1277,Kyle Juszczyk,RB,SFO,4,0.0,0.0,5.0,5.0
1278,Kyle Juszczyk,RB,SFO,5,0.0,1.25,6.16,7.41
1279,Kyle Juszczyk,RB,SFO,6,0.0,0.0,1.67,1.67
1280,Kyle Juszczyk,RB,SFO,7,0.0,0.64,1.57,2.21
1281,Kyle Monangai,RB,CHI,1,0.0,0.0,1.82,1.82
1282,Kyle Monangai,RB,CHI,2,0.0,4.47,4.57,9.04
1283,Kyle Monangai,RB,CHI,3,0.0,3.68,1.49,5.17
1284,Kyle Monangai,RB,CHI,4,0.0,2.65,0.0,2.65
1285,Kyle Monangai,RB,CHI,6,0.0,2.69,1.42,4.109999999999999
1286,Kyle Monangai,RB,CHI,7,0.0,10.0,4.19,14.190000000000001
1287,Kyle Pitts,TE,ATL,1,0.0,0.0,11.89,11.89
1288,Kyle Pitts,TE,ATL,2,0.0,0.0,7.44,7.44
1289,Kyle Pitts,TE,ATL,3,0.0,0.0,9.55,9.55
1290,Kyle Pitts,TE,ATL,4,0.0,0.0,7.96,7.96
1291,Kyle Pitts,TE,ATL,6,0.0,0.0,5.85,5.85
1292,Kyle Pitts,TE,ATL,7,0.0,0.0,15.84,15.84
1293,Kyle Williams,WR,NWE,1,0.0,0.0,1.68,1.68
1294,Kyle Williams,WR,NWE,3,0.0,0.0,1.45,1.45
1295,Kyle Williams,WR,NWE,4,0.0,0.5,0.0,0.5
1296,Kyle Williams,WR,NWE,6,0.0,0.0,3.68,3.68
1297,Kyle Williams,WR,NWE,7,0.0,0.0,1.81,1.81
1298,Kylen Granson,TE,PHI,1,0.0,0.0,1.53,1.53
1299,Kylen Granson,TE,PHI,2,0.0,0.0,1.58,1.58
1300,Kyler Murray,QB,ARI,1,11.78,4.25,0.0,16.03
1301,Kyler Murray,QB,ARI,2,11.02,4.15,0.0,15.17
1302,Kyler Murray,QB,ARI,3,13.6,3.29,0.0,16.89
1303,Kyler Murray,QB,ARI,4,17.45,1.92,0.0,19.369999999999997
1304,Kyler Murray,QB,ARI,5,12.3,3.46,0.0,15.760000000000002
1305,Kyren Williams,RB,LAR,1,0.0,11.39,2.75,14.14
1306,Kyren Williams,RB,LAR,2,0.0,10.99,3.25,14.24
1307,Kyren Williams,RB,LAR,3,0.0,14.09,4.38,18.47
1308,Kyren Williams,RB,LAR,4,0.0,6.5,5.84,12.34
1309,Kyren Williams,RB,LAR,5,0.0,10.55,16.17,26.720000000000002
1310,Kyren Williams,RB,LAR,6,0.0,7.68,3.92,11.6
1311,Kyren Williams,RB,LAR,7,0.0,8.15,4.81,12.96
1312,Ladd McConkey,WR,LAC,1,0.0,0.0,15.27,15.27
1313,Ladd McConkey,WR,LAC,2,0.0,0.0,7.82,7.82
1314,Ladd McConkey,WR,LAC,3,0.0,0.0,11.8,11.8
1315,Ladd McConkey,WR,LAC,4,0.0,0.0,9.72,9.72
1316,Ladd McConkey,WR,LAC,5,0.0,0.0,11.37,11.37
1317,Ladd McConkey,WR,LAC,6,0.0,0.0,15.09,15.09
1318,Ladd McConkey,WR,LAC,7,0.0,0.0,25.81,25.81
1319,Lamar Jackson,QB,BAL,1,8.82,3.73,0.0,12.55
1320,Lamar Jackson,QB,BAL,2,13.33,1.25,0.0,14.58
1321,Lamar Jackson,QB,BAL,3,12.63,4.33,0.0,16.96
1322,Lamar Jackson,QB,BAL,4,8.15,3.24,0.0,11.39
1323,LeQuint Allen,RB,JAX,1,0.0,0.95,1.44,2.3899999999999997
1324,LeQuint Allen,RB,JAX,2,0.0,1.74,0.0,1.74
1325,LeQuint Allen,RB,JAX,3,0.0,0.0,1.37,1.37
1326,LeQuint Allen,RB,JAX,4,0.0,0.0,1.45,1.45
1327,LeQuint Allen,RB,JAX,6,0.0,-0.27,2.66,2.39
1328,LeQuint Allen,RB,JAX,7,0.0,0.0,1.61,1.61
1329,Lil'Jordan Humphrey,WR,NYG,6,0.0,0.0,13.61,13.61
1330,Lil'Jordan Humphrey,WR,NYG,7,0.0,0.0,3.74,3.74
1331,Lucas Krull,TE,DEN,1,0.0,0.0,2.95,2.95
1332,Lucas Krull,TE,DEN,3,0.0,0.0,3.46,3.46
1333,Luke Farrell,TE,SFO,1,0.0,0.0,1.67,1.67
1334,Luke Farrell,TE,SFO,2,0.0,0.0,4.62,4.62
1335,Luke Farrell,TE,SFO,4,0.0,0.0,3.3,3.3
1336,Luke Farrell,TE,SFO,5,0.0,0.0,3.35,3.35
1337,Luke Farrell,TE,SFO,7,0.0,0.0,1.77,1.77
1338,Luke McCaffrey,WR,WAS,2,0.0,0.0,1.93,1.93
1339,Luke McCaffrey,WR,WAS,3,0.0,0.0,4.67,4.67
1340,Luke McCaffrey,WR,WAS,4,0.0,0.0,5.24,5.24
1341,Luke McCaffrey,WR,WAS,5,0.0,0.0,4.4,4.4
1342,Luke McCaffrey,WR,WAS,6,0.0,0.0,1.99,1.99
1343,Luke McCaffrey,WR,WAS,7,0.0,0.0,3.77,3.77
1344,Luke Musgrave,TE,GNB,1,0.0,0.0,1.31,1.31
1345,Luke Musgrave,TE,GNB,2,0.0,0.0,3.63,3.63
1346,Luke Musgrave,TE,GNB,4,0.0,0.0,1.63,1.63
1347,Luke Musgrave,TE,GNB,6,0.0,0.0,3.81,3.81
1348,Luke Schoonmaker,TE,DAL,1,0.0,0.0,1.85,1.85
1349,Luke Schoonmaker,TE,DAL,2,0.0,0.0,3.2,3.2
1350,Luke Schoonmaker,TE,DAL,3,0.0,0.0,1.59,1.59
1351,Luke Schoonmaker,TE,DAL,4,0.0,0.0,2.98,2.98
1352,Luke Schoonmaker,TE,DAL,5,0.0,0.0,3.46,3.46
1353,Luke Schoonmaker,TE,DAL,6,0.0,0.0,3.79,3.79
1354,Luke Wypler,OL,CLE,3,0.0,0.0,1.77,1.77
1355,Luther Burden,WR,CHI,1,0.0,0.0,1.38,1.38
1356,Luther Burden,WR,CHI,2,0.0,0.0,3.17,3.17
1357,Luther Burden,WR,CHI,3,0.0,0.95,6.04,6.99
1358,Luther Burden,WR,CHI,4,0.0,0.0,3.19,3.19
1359,Luther Burden,WR,CHI,6,0.0,0.0,6.26,6.26
1360,Luther Burden,WR,CHI,7,0.0,0.87,3.83,4.7
1361,Mac Jones,QB,SFO,2,16.33,4.45,0.0,20.779999999999998
1362,Mac Jones,QB,SFO,3,17.97,0.87,0.0,18.84
1363,Mac Jones,QB,SFO,5,20.63,1.96,0.0,22.59
1364,Mac Jones,QB,SFO,6,17.86,3.86,0.0,21.72
1365,Mac Jones,QB,SFO,7,10.73,4.22,0.0,14.95
1366,Mack Hollins,WR,NWE,1,0.0,0.0,2.93,2.93
1367,Mack Hollins,WR,NWE,2,0.0,0.0,3.42,3.42
1368,Mack Hollins,WR,NWE,3,0.0,0.0,6.2,6.2
1369,Mack Hollins,WR,NWE,4,0.0,0.0,1.92,1.92
1370,Mack Hollins,WR,NWE,6,0.0,0.0,5.52,5.52
1371,Mack Hollins,WR,NWE,7,0.0,0.65,3.82,4.47
1372,Malachi Corley,WR,CLE,5,0.0,0.38,0.0,0.38
1373,Malachi Corley,WR,CLE,7,0.0,0.0,3.13,3.13
1374,Malik Heath,WR,GNB,2,0.0,0.0,2.05,2.05
1375,Malik Heath,WR,GNB,4,0.0,0.0,1.52,1.52
1376,Malik Nabers,WR,NYG,1,0.0,0.0,19.74,19.74
1377,Malik Nabers,WR,NYG,2,0.0,0.0,23.34,23.34
1378,Malik Nabers,WR,NYG,3,0.0,0.0,13.6,13.6
1379,Malik Nabers,WR,NYG,4,0.0,0.0,4.87,4.87
1380,Malik Turner,WR,SFO,5,0.0,0.0,1.35,1.35
1381,Malik Washington,WR,MIA,1,0.0,0.47,8.24,8.71
1382,Malik Washington,WR,MIA,2,0.0,2.19,3.25,5.4399999999999995
1383,Malik Washington,WR,MIA,3,0.0,1.4,7.49,8.89
1384,Malik Washington,WR,MIA,4,0.0,1.57,4.39,5.96
1385,Malik Washington,WR,MIA,5,0.0,0.0,8.01,8.01
1386,Malik Washington,WR,MIA,6,0.0,0.74,7.58,8.32
1387,Malik Washington,WR,MIA,7,0.0,0.0,11.68,11.68
1388,Marcus Mariota,QB,WAS,3,8.15,5.39,0.0,13.54
1389,Marcus Mariota,QB,WAS,4,12.19,0.89,0.0,13.08
1390,Marcus Mariota,QB,WAS,7,5.07,1.56,0.0,6.630000000000001
1391,Mark Andrews,TE,BAL,1,0.0,0.0,1.48,1.48
1392,Mark Andrews,TE,BAL,2,0.0,0.98,4.86,5.84
1393,Mark Andrews,TE,BAL,3,0.0,0.0,10.03,10.03
1394,Mark Andrews,TE,BAL,4,0.0,0.0,11.92,11.92
1395,Mark Andrews,TE,BAL,5,0.0,0.0,5.13,5.13
1396,Mark Andrews,TE,BAL,6,0.0,3.39,9.21,12.600000000000001
1397,Marquez Valdes-Scantling,WR,SFO,2,0.0,0.0,1.73,1.73
1398,Marquez Valdes-Scantling,WR,SFO,3,0.0,0.0,1.52,1.52
1399,Marquez Valdes-Scantling,WR,SFO,5,0.0,0.0,5.33,5.33
1400,Marquez Valdes-Scantling,WR,SFO,6,0.0,0.0,5.15,5.15
1401,Marquise Brown,WR,KAN,1,0.0,0.0,25.81,25.81
1402,Marquise Brown,WR,KAN,2,0.0,0.0,7.72,7.72
1403,Marquise Brown,WR,KAN,3,0.0,0.0,10.28,10.28
1404,Marquise Brown,WR,KAN,4,0.0,0.0,8.17,8.17
1405,Marquise Brown,WR,KAN,5,0.0,0.0,13.95,13.95
1406,Marquise Brown,WR,KAN,6,0.0,0.0,6.87,6.87
1407,Marquise Brown,WR,KAN,7,0.0,0.0,7.05,7.05
1408,Marvin Harrison Jr.,WR,ARI,1,0.0,0.0,10.18,10.18
1409,Marvin Harrison Jr.,WR,ARI,2,0.0,0.0,7.97,7.97
1410,Marvin Harrison Jr.,WR,ARI,3,0.0,0.0,10.12,10.12
1411,Marvin Harrison Jr.,WR,ARI,4,0.0,0.0,16.73,16.73
1412,Marvin Harrison Jr.,WR,ARI,5,0.0,0.0,9.3,9.3
1413,Marvin Harrison Jr.,WR,ARI,6,0.0,0.0,3.25,3.25
1414,Marvin Harrison Jr.,WR,ARI,7,0.0,0.0,11.13,11.13
1415,Marvin Mims,WR,DEN,1,0.0,0.0,6.48,6.48
1416,Marvin Mims,WR,DEN,2,0.0,0.0,3.43,3.43
1417,Marvin Mims,WR,DEN,3,0.0,0.0,7.36,7.36
1418,Marvin Mims,WR,DEN,4,0.0,0.94,8.65,9.59
1419,Marvin Mims,WR,DEN,5,0.0,0.43,8.4,8.83
1420,Marvin Mims,WR,DEN,6,0.0,0.33,5.52,5.85
1421,Marvin Mims,WR,DEN,7,0.0,0.21,11.91,12.120000000000001
1422,Mason Taylor,TE,NYJ,1,0.0,0.0,1.99,1.99
1423,Mason Taylor,TE,NYJ,2,0.0,0.0,3.33,3.33
1424,Mason Taylor,TE,NYJ,3,0.0,0.0,8.97,8.97
1425,Mason Taylor,TE,NYJ,4,0.0,0.0,11.17,11.17
1426,Mason Taylor,TE,NYJ,5,0.0,0.0,19.55,19.55
1427,Mason Taylor,TE,NYJ,6,0.0,0.0,1.38,1.38
1428,Mason Taylor,TE,NYJ,7,0.0,0.0,6.96,6.96
1429,Mason Tipton,WR,NOR,7,0.0,0.0,1.84,1.84
1430,Matthew Golden,WR,GNB,1,0.0,0.0,2.92,2.92
1431,Matthew Golden,WR,GNB,2,0.0,1.27,4.64,5.91
1432,Matthew Golden,WR,GNB,3,0.0,1.34,6.07,7.41
1433,Matthew Golden,WR,GNB,4,0.0,0.61,10.25,10.86
1434,Matthew Golden,WR,GNB,6,0.0,1.36,8.89,10.25
1435,Matthew Golden,WR,GNB,7,0.0,0.0,5.98,5.98
1436,Matthew Stafford,QB,LAR,1,12.38,2.7,0.0,15.080000000000002
1437,Matthew Stafford,QB,LAR,2,15.6,2.37,0.0,17.97
1438,Matthew Stafford,QB,LAR,3,14.52,0.0,0.0,14.52
1439,Matthew Stafford,QB,LAR,4,17.49,2.07,0.0,19.56
1440,Matthew Stafford,QB,LAR,5,23.35,0.86,0.0,24.21
1441,Matthew Stafford,QB,LAR,6,13.33,2.16,0.0,15.49
1442,Matthew Stafford,QB,LAR,7,17.69,1.08,0.0,18.770000000000003
1443,Max Brosmer,QB,MIN,3,1.35,0.0,0.0,1.35
1444,Max Brosmer,QB,MIN,5,0.0,0.33,0.0,0.33
1445,Michael Carter,RB,ARI,4,0.0,0.55,0.0,0.55
1446,Michael Carter,RB,ARI,5,0.0,10.16,7.04,17.2
1447,Michael Carter,RB,ARI,6,0.0,4.92,8.14,13.06
1448,Michael Carter,RB,ARI,7,0.0,4.21,2.94,7.15
1449,Michael Mayer,TE,LVR,1,0.0,0.0,6.29,6.29
1450,Michael Mayer,TE,LVR,2,0.0,0.0,2.98,2.98
1451,Michael Mayer,TE,LVR,3,0.0,0.0,1.31,1.31
1452,Michael Mayer,TE,LVR,6,0.0,0.0,11.01,11.01
1453,Michael Mayer,TE,LVR,7,0.0,0.0,2.68,2.68
1454,Michael Penix Jr.,QB,ATL,1,17.1,4.07,0.0,21.17
1455,Michael Penix Jr.,QB,ATL,2,8.64,0.67,0.0,9.31
1456,Michael Penix Jr.,QB,ATL,3,15.07,0.96,0.0,16.03
1457,Michael Penix Jr.,QB,ATL,4,12.06,2.17,0.0,14.23
1458,Michael Penix Jr.,QB,ATL,6,13.39,0.79,0.0,14.18
1459,Michael Penix Jr.,QB,ATL,7,16.68,0.96,0.0,17.64
1460,Michael Pittman Jr.,WR,IND,1,0.0,0.0,12.31,12.31
1461,Michael Pittman Jr.,WR,IND,2,0.0,0.0,8.59,8.59
1462,Michael Pittman Jr.,WR,IND,3,0.0,0.0,9.58,9.58
1463,Michael Pittman Jr.,WR,IND,4,0.0,0.0,17.52,17.52
1464,Michael Pittman Jr.,WR,IND,5,0.0,0.0,9.9,9.9
1465,Michael Pittman Jr.,WR,IND,6,0.0,0.0,4.87,4.87
1466,Michael Pittman Jr.,WR,IND,7,0.0,0.0,14.86,14.86
1467,Michael Wilson,WR,ARI,1,0.0,0.0,7.21,7.21
1468,Michael Wilson,WR,ARI,2,0.0,0.0,3.69,3.69
1469,Michael Wilson,WR,ARI,3,0.0,0.0,3.06,3.06
1470,Michael Wilson,WR,ARI,4,0.0,0.0,9.69,9.69
1471,Michael Wilson,WR,ARI,5,0.0,0.0,6.73,6.73
1472,Michael Wilson,WR,ARI,6,0.0,0.0,8.7,8.7
1473,Michael Wilson,WR,ARI,7,0.0,0.0,6.74,6.74
1474,Mike Evans,WR,TAM,1,0.0,0.0,14.11,14.11
1475,Mike Evans,WR,TAM,2,0.0,0.0,19.15,19.15
1476,Mike Evans,WR,TAM,3,0.0,0.0,14.13,14.13
1477,Mike Evans,WR,TAM,7,0.0,0.0,7.84,7.84
1478,Mike Gesicki,TE,CIN,1,0.0,0.0,5.02,5.02
1479,Mike Gesicki,TE,CIN,2,0.0,0.0,6.98,6.98
1480,Mike Gesicki,TE,CIN,3,0.0,0.0,4.57,4.57
1481,Mike Gesicki,TE,CIN,4,0.0,0.0,1.42,1.42
1482,Mike Gesicki,TE,CIN,5,0.0,0.0,7.78,7.78
1483,Miles Sanders,RB,DAL,1,0.0,3.03,1.32,4.35
1484,Miles Sanders,RB,DAL,2,0.0,3.5,2.58,6.08
1485,Miles Sanders,RB,DAL,3,0.0,7.1,5.37,12.469999999999999
1486,Miles Sanders,RB,DAL,4,0.0,1.05,2.67,3.7199999999999998
1487,Mitch Trubisky,QB,BUF,2,0.8,2.07,0.0,2.87
1488,Mitchell Evans,TE,CAR,2,0.0,0.0,1.58,1.58
1489,Mitchell Evans,TE,CAR,3,0.0,0.0,1.68,1.68
1490,Mitchell Evans,TE,CAR,4,0.0,0.0,6.09,6.09
1491,Mitchell Evans,TE,CAR,5,0.0,0.0,1.75,1.75
1492,Mitchell Evans,TE,CAR,6,0.0,0.0,1.9,1.9
1493,Mitchell Evans,TE,CAR,7,0.0,0.0,5.21,5.21
1494,Mitchell Tinsley,WR,CIN,2,0.0,0.0,1.77,1.77
1495,Mitchell Tinsley,WR,CIN,3,0.0,0.0,1.54,1.54
1496,Mitchell Tinsley,WR,CIN,4,0.0,0.0,3.63,3.63
1497,Mo Alie-Cox,TE,IND,1,0.0,0.0,1.6,1.6
1498,Mo Alie-Cox,TE,IND,2,0.0,0.0,1.66,1.66
1499,Mo Alie-Cox,TE,IND,6,0.0,0.0,3.25,3.25
1500,Mo Alie-Cox,TE,IND,7,0.0,0.0,3.12,3.12
1501,Najee Harris,RB,LAC,1,0.0,0.82,1.44,2.26
1502,Najee Harris,RB,LAC,2,0.0,5.06,3.11,8.17
1503,Najee Harris,RB,LAC,3,0.0,2.76,0.0,2.76
1504,Nate Adkins,TE,DEN,4,0.0,0.0,4.0,4.0
1505,Nate Adkins,TE,DEN,5,0.0,0.0,1.48,1.48
1506,Nate Adkins,TE,DEN,6,0.0,0.0,3.22,3.22
1507,Nate Adkins,TE,DEN,7,0.0,0.0,4.53,4.53
1508,Nathan Carter,RB,ATL,3,0.0,3.89,0.0,3.89
1509,Nick Chubb,RB,HOU,1,0.0,6.96,1.54,8.5
1510,Nick Chubb,RB,HOU,2,0.0,8.28,2.65,10.93
1511,Nick Chubb,RB,HOU,3,0.0,5.67,6.04,11.71
1512,Nick Chubb,RB,HOU,4,0.0,7.43,3.25,10.68
1513,Nick Chubb,RB,HOU,5,0.0,8.3,1.75,10.05
1514,Nick Chubb,RB,HOU,7,0.0,1.83,4.41,6.24
1515,Nick Westbrook,WR,MIA,1,0.0,0.0,3.08,3.08
1516,Nick Westbrook,WR,MIA,2,0.0,0.0,4.63,4.63
1517,Nick Westbrook,WR,MIA,4,0.0,0.0,1.39,1.39
1518,Nick Westbrook,WR,MIA,6,0.0,0.0,1.43,1.43
1519,Nick Westbrook,WR,MIA,7,0.0,0.0,5.81,5.81
1520,Nico Collins,WR,HOU,1,0.0,0.0,7.61,7.61
1521,Nico Collins,WR,HOU,2,0.0,0.0,15.93,15.93
1522,Nico Collins,WR,HOU,3,0.0,0.0,18.85,18.85
1523,Nico Collins,WR,HOU,4,0.0,0.0,10.17,10.17
1524,Nico Collins,WR,HOU,5,0.0,0.35,8.84,9.19
1525,Nico Collins,WR,HOU,7,0.0,0.0,16.47,16.47
1526,Nikko Remigio,WR,KAN,2,0.0,0.0,1.79,1.79
1527,Nikko Remigio,WR,KAN,3,0.0,0.41,0.0,0.41
1528,Noah Brown,WR,WAS,1,0.0,0.0,5.29,5.29
1529,Noah Brown,WR,WAS,2,0.0,0.0,7.01,7.01
1530,Noah Fant,TE,CIN,1,0.0,0.0,7.37,7.37
1531,Noah Fant,TE,CIN,2,0.0,0.0,5.99,5.99
1532,Noah Fant,TE,CIN,3,0.0,0.0,7.58,7.58
1533,Noah Fant,TE,CIN,6,0.0,0.0,6.49,6.49
1534,Noah Fant,TE,CIN,7,0.0,0.0,6.54,6.54
1535,Noah Gray,TE,KAN,1,0.0,0.0,1.4,1.4
1536,Noah Gray,TE,KAN,2,0.0,0.0,8.81,8.81
1537,Noah Gray,TE,KAN,3,0.0,0.0,9.15,9.15
1538,Noah Gray,TE,KAN,4,0.0,0.0,1.46,1.46
1539,Noah Gray,TE,KAN,6,0.0,0.0,2.97,2.97
1540,Noah Gray,TE,KAN,7,0.0,0.0,1.71,1.71
1541,Olamide Zaccheaus,WR,CHI,1,0.0,0.0,11.14,11.14
1542,Olamide Zaccheaus,WR,CHI,2,0.0,0.4,7.93,8.33
1543,Olamide Zaccheaus,WR,CHI,3,0.0,0.87,5.97,6.84
1544,Olamide Zaccheaus,WR,CHI,4,0.0,0.0,9.41,9.41
1545,Olamide Zaccheaus,WR,CHI,6,0.0,0.38,9.32,9.700000000000001
1546,Olamide Zaccheaus,WR,CHI,7,0.0,0.89,5.02,5.909999999999999
1547,Ollie Gordon,RB,MIA,1,0.0,1.81,1.47,3.2800000000000002
1548,Ollie Gordon,RB,MIA,2,0.0,0.84,1.31,2.15
1549,Ollie Gordon,RB,MIA,3,0.0,8.17,0.0,8.17
1550,Ollie Gordon,RB,MIA,4,0.0,4.75,1.71,6.46
1551,Ollie Gordon,RB,MIA,5,0.0,2.13,0.0,2.13
1552,Ollie Gordon,RB,MIA,6,0.0,1.64,1.39,3.03
1553,Ollie Gordon,RB,MIA,7,0.0,2.17,3.02,5.1899999999999995
1554,Omarion Hampton,RB,LAC,1,0.0,10.26,2.78,13.04
1555,Omarion Hampton,RB,LAC,2,0.0,6.32,3.17,9.49
1556,Omarion Hampton,RB,LAC,3,0.0,11.23,9.76,20.990000000000002
1557,Omarion Hampton,RB,LAC,4,0.0,5.9,6.8,12.7
1558,Omarion Hampton,RB,LAC,5,0.0,5.75,8.32,14.07
1559,Oronde Gadsden,WR,LAC,3,0.0,0.0,11.63,11.63
1560,Oronde Gadsden,WR,LAC,4,0.0,0.0,4.69,4.69
1561,Oronde Gadsden,WR,LAC,5,0.0,0.0,1.55,1.55
1562,Oronde Gadsden,WR,LAC,6,0.0,0.0,12.61,12.61
1563,Oronde Gadsden,WR,LAC,7,0.0,0.0,15.1,15.1
1564,Parker Washington,WR,JAX,2,0.0,0.0,8.24,8.24
1565,Parker Washington,WR,JAX,3,0.0,0.0,19.52,19.52
1566,Parker Washington,WR,JAX,4,0.0,0.74,3.51,4.25
1567,Parker Washington,WR,JAX,5,0.0,0.0,4.34,4.34
1568,Parker Washington,WR,JAX,6,0.0,0.0,6.6,6.6
1569,Parker Washington,WR,JAX,7,0.0,1.86,18.93,20.79
1570,Pat Bryant,WR,DEN,2,0.0,0.0,4.52,4.52
1571,Pat Bryant,WR,DEN,4,0.0,0.0,1.71,1.71
1572,Pat Bryant,WR,DEN,6,0.0,0.0,3.14,3.14
1573,Pat Bryant,WR,DEN,7,0.0,0.0,6.18,6.18
1574,Pat Freiermuth,TE,PIT,1,0.0,0.0,4.42,4.42
1575,Pat Freiermuth,TE,PIT,2,0.0,0.0,6.57,6.57
1576,Pat Freiermuth,TE,PIT,3,0.0,0.0,4.43,4.43
1577,Pat Freiermuth,TE,PIT,6,0.0,0.0,1.31,1.31
1578,Pat Freiermuth,TE,PIT,7,0.0,0.0,10.06,10.06
1579,Patrick Mahomes,QB,KAN,1,16.61,3.91,0.0,20.52
1580,Patrick Mahomes,QB,KAN,2,13.59,4.84,0.0,18.43
1581,Patrick Mahomes,QB,KAN,3,16.85,2.93,0.0,19.78
1582,Patrick Mahomes,QB,KAN,4,18.29,3.22,0.0,21.509999999999998
1583,Patrick Mahomes,QB,KAN,5,18.78,3.79,0.0,22.57
1584,Patrick Mahomes,QB,KAN,6,12.72,6.9,0.0,19.62
1585,Patrick Mahomes,QB,KAN,7,15.47,2.41,0.0,17.880000000000003
1586,Payne Durham,TE,TAM,2,0.0,0.0,1.46,1.46
1587,Puka Nacua,WR,LAR,1,0.0,0.57,18.34,18.91
1588,Puka Nacua,WR,LAR,2,0.0,0.7,14.54,15.239999999999998
1589,Puka Nacua,WR,LAR,3,0.0,0.56,24.61,25.169999999999998
1590,Puka Nacua,WR,LAR,4,0.0,0.0,25.2,25.2
1591,Puka Nacua,WR,LAR,5,0.0,0.0,19.91,19.91
1592,Puka Nacua,WR,LAR,6,0.0,0.0,5.53,5.53
1593,Quentin Johnston,WR,LAC,1,0.0,0.0,12.07,12.07
1594,Quentin Johnston,WR,LAC,2,0.0,0.44,11.69,12.129999999999999
1595,Quentin Johnston,WR,LAC,3,0.0,0.0,16.33,16.33
1596,Quentin Johnston,WR,LAC,4,0.0,0.0,20.8,20.8
1597,Quentin Johnston,WR,LAC,5,0.0,0.75,6.64,7.39
1598,Quentin Johnston,WR,LAC,7,0.0,0.0,10.12,10.12
1599,Quinn Ewers,QB,MIA,7,2.93,0.2,0.0,3.1300000000000003
1600,Quinshon Judkins,RB,CLE,2,0.0,5.26,4.64,9.899999999999999
1601,Quinshon Judkins,RB,CLE,3,0.0,11.09,3.16,14.25
1602,Quinshon Judkins,RB,CLE,4,0.0,11.82,6.05,17.87
1603,Quinshon Judkins,RB,CLE,5,0.0,14.74,3.15,17.89
1604,Quinshon Judkins,RB,CLE,6,0.0,6.83,1.51,8.34
1605,Quinshon Judkins,RB,CLE,7,0.0,16.63,0.0,16.63
1606,RJ Harvey,RB,DEN,1,0.0,2.89,1.37,4.26
1607,RJ Harvey,RB,DEN,2,0.0,2.84,3.2,6.04
1608,RJ Harvey,RB,DEN,3,0.0,0.92,4.05,4.97
1609,RJ Harvey,RB,DEN,4,0.0,9.11,7.34,16.45
1610,RJ Harvey,RB,DEN,5,0.0,2.68,4.27,6.949999999999999
1611,RJ Harvey,RB,DEN,6,0.0,0.93,5.18,6.109999999999999
1612,RJ Harvey,RB,DEN,7,0.0,1.54,3.72,5.26
1613,Rachaad White,RB,TAM,1,0.0,1.43,1.48,2.91
1614,Rachaad White,RB,TAM,2,0.0,6.45,2.55,9.0
1615,Rachaad White,RB,TAM,3,0.0,3.0,1.45,4.45
1616,Rachaad White,RB,TAM,4,0.0,3.86,6.69,10.55
1617,Rachaad White,RB,TAM,5,0.0,11.63,5.95,17.580000000000002
1618,Rachaad White,RB,TAM,6,0.0,11.76,4.35,16.11
1619,Rachaad White,RB,TAM,7,0.0,5.25,8.8,14.05
1620,Raheem Mostert,RB,LVR,4,0.0,2.69,1.57,4.26
1621,Raheem Mostert,RB,LVR,5,0.0,5.01,0.0,5.01
1622,Raheem Mostert,RB,LVR,6,0.0,4.07,0.0,4.07
1623,Raheem Mostert,RB,LVR,7,0.0,0.0,1.36,1.36
1624,Raheim Sanders,RB,CLE,1,0.0,3.05,0.0,3.05
1625,Rashee Rice,WR,KAN,7,0.0,0.0,15.86,15.86
1626,Rasheen Ali,RB,BAL,1,0.0,0.95,0.0,0.95
1627,Rashid Shaheed,WR,NOR,1,0.0,0.0,15.09,15.09
1628,Rashid Shaheed,WR,NOR,2,0.0,0.0,8.58,8.58
1629,Rashid Shaheed,WR,NOR,3,0.0,0.0,10.13,10.13
1630,Rashid Shaheed,WR,NOR,4,0.0,1.57,7.95,9.52
1631,Rashid Shaheed,WR,NOR,5,0.0,0.0,8.73,8.73
1632,Rashid Shaheed,WR,NOR,6,0.0,0.0,10.14,10.14
1633,Rashid Shaheed,WR,NOR,7,0.0,0.0,15.69,15.69
1634,Rashod Bateman,WR,BAL,1,0.0,0.0,6.84,6.84
1635,Rashod Bateman,WR,BAL,2,0.0,0.0,6.23,6.23
1636,Rashod Bateman,WR,BAL,3,0.0,0.0,12.61,12.61
1637,Rashod Bateman,WR,BAL,4,0.0,0.0,3.49,3.49
1638,Rashod Bateman,WR,BAL,5,0.0,0.0,5.39,5.39
1639,Rashod Bateman,WR,BAL,6,0.0,0.0,1.53,1.53
1640,Ray Davis,RB,BUF,1,0.0,0.39,1.51,1.9
1641,Ray Davis,RB,BUF,2,0.0,5.82,0.0,5.82
1642,Ray Davis,RB,BUF,3,0.0,0.0,1.87,1.87
1643,Ray Davis,RB,BUF,4,0.0,0.68,0.0,0.68
1644,Ray Davis,RB,BUF,5,0.0,1.59,0.0,1.59
1645,Ray Davis,RB,BUF,6,0.0,0.0,3.24,3.24
1646,Ray-Ray McCloud,WR,ATL,1,0.0,0.0,7.45,7.45
1647,Ray-Ray McCloud,WR,ATL,2,0.0,0.0,3.32,3.32
1648,Ray-Ray McCloud,WR,ATL,3,0.0,0.0,7.68,7.68
1649,Ray-Ray McCloud,WR,ATL,4,0.0,0.0,3.07,3.07
1650,Rhamondre Stevenson,RB,NWE,1,0.0,4.97,4.17,9.14
1651,Rhamondre Stevenson,RB,NWE,2,0.0,6.61,7.51,14.120000000000001
1652,Rhamondre Stevenson,RB,NWE,3,0.0,2.42,4.46,6.88
1653,Rhamondre Stevenson,RB,NWE,4,0.0,6.04,1.43,7.47
1654,Rhamondre Stevenson,RB,NWE,5,0.0,6.02,3.17,9.19
1655,Rhamondre Stevenson,RB,NWE,6,0.0,8.76,1.37,10.129999999999999
1656,Rhamondre Stevenson,RB,NWE,7,0.0,12.1,2.99,15.09
1657,Ricky Pearsall,WR,SFO,1,0.0,0.0,13.05,13.05
1658,Ricky Pearsall,WR,SFO,2,0.0,0.74,10.46,11.200000000000001
1659,Ricky Pearsall,WR,SFO,3,0.0,0.0,20.07,20.07
1660,Ricky Pearsall,WR,SFO,4,0.0,0.0,8.31,8.31
1661,Rico Dowdle,RB,CAR,1,0.0,1.75,4.75,6.5
1662,Rico Dowdle,RB,CAR,2,0.0,4.54,1.76,6.3
1663,Rico Dowdle,RB,CAR,3,0.0,7.94,1.37,9.31
1664,Rico Dowdle,RB,CAR,4,0.0,4.54,1.51,6.05
1665,Rico Dowdle,RB,CAR,5,0.0,13.38,5.65,19.03
1666,Rico Dowdle,RB,CAR,6,0.0,18.2,8.07,26.27
1667,Rico Dowdle,RB,CAR,7,0.0,10.04,2.73,12.77
1668,Robbie Anderson,WR,WAS,7,0.0,0.0,5.72,5.72
1669,Roman Wilson,WR,PIT,2,0.0,0.0,3.25,3.25
1670,Roman Wilson,WR,PIT,6,0.0,0.0,1.46,1.46
1671,Roman Wilson,WR,PIT,7,0.0,0.0,2.87,2.87
1672,Rome Odunze,WR,CHI,1,0.0,0.0,14.4,14.4
1673,Rome Odunze,WR,CHI,2,0.0,0.0,20.2,20.2
1674,Rome Odunze,WR,CHI,3,0.0,0.0,11.56,11.56
1675,Rome Odunze,WR,CHI,4,0.0,0.0,14.47,14.47
1676,Rome Odunze,WR,CHI,6,0.0,0.0,9.24,9.24
1677,Rome Odunze,WR,CHI,7,0.0,0.0,9.8,9.8
1678,Romeo Doubs,WR,GNB,1,0.0,0.0,8.01,8.01
1679,Romeo Doubs,WR,GNB,2,0.0,0.0,9.5,9.5
1680,Romeo Doubs,WR,GNB,3,0.0,0.0,3.0,3.0
1681,Romeo Doubs,WR,GNB,4,0.0,0.0,13.98,13.98
1682,Romeo Doubs,WR,GNB,6,0.0,0.0,15.38,15.38
1683,Romeo Doubs,WR,GNB,7,0.0,0.0,15.39,15.39
1684,Roschon Johnson,RB,CHI,6,0.0,0.6,0.0,0.6
1685,Roschon Johnson,RB,CHI,7,0.0,1.03,0.0,1.03
1686,Russell Wilson,QB,NYG,1,15.9,4.9,0.0,20.8
1687,Russell Wilson,QB,NYG,2,20.35,2.25,0.0,22.6
1688,Russell Wilson,QB,NYG,3,15.41,3.19,0.0,18.6
1689,Russell Wilson,QB,NYG,4,0.16,0.0,0.0,0.16
1690,Russell Wilson,QB,NYG,6,0.46,0.0,0.0,0.46
1691,Ryan Flournoy,WR,DAL,3,0.0,0.0,4.67,4.67
1692,Ryan Flournoy,WR,DAL,4,0.0,0.76,3.44,4.2
1693,Ryan Flournoy,WR,DAL,5,0.0,1.05,14.09,15.14
1694,Ryan Flournoy,WR,DAL,6,0.0,0.88,9.04,9.92
1695,Ryan Miller,WR,TAM,1,0.0,0.0,1.75,1.75
1696,Ryan Miller,WR,TAM,2,0.0,0.0,2.0,2.0
1697,Ryan Miller,WR,TAM,3,0.0,0.0,1.89,1.89
1698,Ryan Miller,WR,TAM,7,0.0,0.0,1.77,1.77
1699,Sam Darnold,QB,SEA,1,9.44,1.45,0.0,10.889999999999999
1700,Sam Darnold,QB,SEA,2,15.16,0.0,0.0,15.16
1701,Sam Darnold,QB,SEA,3,9.0,0.0,0.0,9.0
1702,Sam Darnold,QB,SEA,4,11.58,0.53,0.0,12.11
1703,Sam Darnold,QB,SEA,5,15.47,0.0,0.0,15.47
1704,Sam Darnold,QB,SEA,6,12.87,4.37,0.0,17.24
1705,Sam Darnold,QB,SEA,7,14.97,1.87,0.0,16.84
1706,Sam LaPorta,TE,DET,1,0.0,0.0,14.45,14.45
1707,Sam LaPorta,TE,DET,2,0.0,0.0,6.29,6.29
1708,Sam LaPorta,TE,DET,3,0.0,0.0,6.94,6.94
1709,Sam LaPorta,TE,DET,4,0.0,0.0,6.71,6.71
1710,Sam LaPorta,TE,DET,5,0.0,0.0,9.48,9.48
1711,Sam LaPorta,TE,DET,6,0.0,0.0,9.5,9.5
1712,Sam LaPorta,TE,DET,7,0.0,0.0,4.35,4.35
1713,Samaje Perine,RB,CIN,1,0.0,0.0,3.09,3.09
1714,Samaje Perine,RB,CIN,3,0.0,1.37,0.0,1.37
1715,Samaje Perine,RB,CIN,4,0.0,0.5,1.18,1.68
1716,Samaje Perine,RB,CIN,5,0.0,1.95,3.22,5.17
1717,Samaje Perine,RB,CIN,6,0.0,3.92,4.7,8.620000000000001
1718,Samaje Perine,RB,CIN,7,0.0,4.34,0.0,4.34
1719,Saquon Barkley,RB,PHI,1,0.0,12.01,7.33,19.34
1720,Saquon Barkley,RB,PHI,2,0.0,12.75,2.46,15.21
1721,Saquon Barkley,RB,PHI,3,0.0,10.62,7.13,17.75
1722,Saquon Barkley,RB,PHI,4,0.0,11.43,5.54,16.97
1723,Saquon Barkley,RB,PHI,5,0.0,2.49,4.94,7.430000000000001
1724,Saquon Barkley,RB,PHI,6,0.0,5.96,4.13,10.09
1725,Saquon Barkley,RB,PHI,7,0.0,10.43,1.39,11.82
1726,Savion Williams,WR,GNB,1,0.0,0.0,1.77,1.77
1727,Savion Williams,WR,GNB,2,0.0,1.13,0.0,1.13
1728,Savion Williams,WR,GNB,3,0.0,1.2,0.0,1.2
1729,Savion Williams,WR,GNB,4,0.0,0.78,4.29,5.07
1730,Savion Williams,WR,GNB,6,0.0,0.81,0.0,0.81
1731,Scott Matlock,RB,LAC,4,0.0,0.0,1.36,1.36
1732,Scotty Miller,WR,PIT,4,0.0,0.0,1.71,1.71
1733,Scotty Miller,WR,PIT,7,0.0,0.0,1.6,1.6
1734,Sean Tucker,RB,TAM,1,0.0,0.68,0.0,0.68
1735,Sean Tucker,RB,TAM,5,0.0,1.69,4.04,5.73
1736,Sean Tucker,RB,TAM,6,0.0,4.11,0.0,4.11
1737,Sean Tucker,RB,TAM,7,0.0,0.51,1.55,2.06
1738,Skyy Moore,WR,SFO,3,0.0,0.0,1.73,1.73
1739,Skyy Moore,WR,SFO,4,0.0,0.0,1.61,1.61
1740,Skyy Moore,WR,SFO,5,0.0,0.42,0.0,0.42
1741,Skyy Moore,WR,SFO,7,0.0,0.0,1.41,1.41
1742,Spencer Rattler,QB,NOR,1,19.9,2.4,0.0,22.299999999999997
1743,Spencer Rattler,QB,NOR,2,14.28,3.0,0.0,17.28
1744,Spencer Rattler,QB,NOR,3,16.68,1.25,0.0,17.93
1745,Spencer Rattler,QB,NOR,4,11.33,4.46,1.67,17.46
1746,Spencer Rattler,QB,NOR,5,14.0,4.29,1.47,19.759999999999998
1747,Spencer Rattler,QB,NOR,6,11.91,2.89,0.0,14.8
1748,Spencer Rattler,QB,NOR,7,16.02,1.22,0.0,17.24
1749,Stefon Diggs,WR,NWE,1,0.0,0.0,10.55,10.55
1750,Stefon Diggs,WR,NWE,2,0.0,0.0,7.88,7.88
1751,Stefon Diggs,WR,NWE,3,0.0,0.0,4.96,4.96
1752,Stefon Diggs,WR,NWE,4,0.0,0.0,12.88,12.88
1753,Stefon Diggs,WR,NWE,5,0.0,0.0,18.84,18.84
1754,Stefon Diggs,WR,NWE,6,0.0,0.0,4.97,4.97
1755,Stefon Diggs,WR,NWE,7,0.0,0.0,10.56,10.56
1756,Sterling Shepard,WR,TAM,1,0.0,0.0,10.6,10.6
1757,Sterling Shepard,WR,TAM,2,0.0,0.0,6.18,6.18
1758,Sterling Shepard,WR,TAM,3,0.0,0.0,8.42,8.42
1759,Sterling Shepard,WR,TAM,4,0.0,0.32,6.3,6.62
1760,Sterling Shepard,WR,TAM,5,0.0,0.76,7.92,8.68
1761,Sterling Shepard,WR,TAM,6,0.0,0.0,4.61,4.61
1762,Sterling Shepard,WR,TAM,7,0.0,0.0,10.98,10.98
1763,T.J. Hockenson,TE,MIN,1,0.0,0.0,5.53,5.53
1764,T.J. Hockenson,TE,MIN,2,0.0,0.0,4.58,4.58
1765,T.J. Hockenson,TE,MIN,3,0.0,0.0,10.39,10.39
1766,T.J. Hockenson,TE,MIN,4,0.0,0.0,8.21,8.21
1767,T.J. Hockenson,TE,MIN,5,0.0,0.0,8.53,8.53
1768,T.J. Hockenson,TE,MIN,7,0.0,0.0,14.65,14.65
1769,Tahj Brooks,RB,CIN,3,0.0,2.18,0.0,2.18
1770,Tai Felton,WR,MIN,3,0.0,0.0,1.46,1.46
1771,Tank Bigsby,RB,JAX,1,0.0,2.84,0.0,2.84
1772,Tank Bigsby,RB,PHI,7,0.0,0.51,1.17,1.68
1773,Tanner Conner,TE,MIA,1,0.0,0.0,6.69,6.69
1774,Tanner Conner,TE,MIA,3,0.0,0.0,3.06,3.06
1775,Tanner Conner,TE,MIA,5,0.0,0.0,2.82,2.82
1776,Tanner Conner,TE,MIA,6,0.0,0.0,1.75,1.75
1777,Tanner Conner,TE,MIA,7,0.0,0.0,5.52,5.52
1778,Tanner Hudson,TE,CIN,6,0.0,0.0,7.93,7.93
1779,Tay Martin,WR,WAS,4,0.0,0.0,1.57,1.57
1780,Tay Martin,WR,WAS,5,0.0,0.0,1.62,1.62
1781,Taysom Hill,TE,NOR,5,0.74,4.81,0.0,5.55
1782,Taysom Hill,TE,NOR,6,0.0,1.26,0.0,1.26
1783,Taysom Hill,TE,NOR,7,0.0,1.1,3.17,4.27
1784,Teddy Bridgewater,QB,TAM,7,0.0,0.33,0.0,0.33
1785,Tee Higgins,WR,CIN,1,0.0,0.0,6.74,6.74
1786,Tee Higgins,WR,CIN,2,0.0,0.0,13.43,13.43
1787,Tee Higgins,WR,CIN,3,0.0,0.0,3.85,3.85
1788,Tee Higgins,WR,CIN,4,0.0,0.0,10.57,10.57
1789,Tee Higgins,WR,CIN,5,0.0,0.0,11.76,11.76
1790,Tee Higgins,WR,CIN,6,0.0,0.0,13.91,13.91
1791,Tee Higgins,WR,CIN,7,0.0,0.0,18.03,18.03
1792,Terrance Ferguson,TE,LAR,5,0.0,0.0,1.79,1.79
1793,Terrance Ferguson,TE,LAR,6,0.0,1.16,0.0,1.16
1794,Terrance Ferguson,TE,LAR,7,0.0,0.0,6.49,6.49
1795,Terrell Jennings,RB,NWE,7,0.0,3.51,0.0,3.51
1796,Terry McLaurin,WR,WAS,1,0.0,0.0,6.76,6.76
1797,Terry McLaurin,WR,WAS,2,0.0,0.0,15.42,15.42
1798,Terry McLaurin,WR,WAS,3,0.0,0.0,6.42,6.42
1799,Tetairoa McMillan,WR,CAR,1,0.0,0.0,15.11,15.11
1800,Tetairoa McMillan,WR,CAR,2,0.0,0.0,16.43,16.43
1801,Tetairoa McMillan,WR,CAR,3,0.0,0.0,13.95,13.95
1802,Tetairoa McMillan,WR,CAR,4,0.0,0.0,13.77,13.77
1803,Tetairoa McMillan,WR,CAR,5,0.0,0.0,14.03,14.03
1804,Tetairoa McMillan,WR,CAR,6,0.0,0.0,8.71,8.71
1805,Tetairoa McMillan,WR,CAR,7,0.0,0.0,8.12,8.12
1806,Tez Johnson,WR,TAM,1,0.0,0.0,1.61,1.61
1807,Tez Johnson,WR,TAM,3,0.0,0.0,2.38,2.38
1808,Tez Johnson,WR,TAM,4,0.0,0.65,1.33,1.98
1809,Tez Johnson,WR,TAM,5,0.0,0.0,6.92,6.92
1810,Tez Johnson,WR,TAM,6,0.0,0.0,6.43,6.43
1811,Tez Johnson,WR,TAM,7,0.0,0.0,15.46,15.46
1812,Theo Johnson,TE,NYG,1,0.0,0.0,4.18,4.18
1813,Theo Johnson,TE,NYG,2,0.0,0.0,8.28,8.28
1814,Theo Johnson,TE,NYG,3,0.0,0.0,3.32,3.32
1815,Theo Johnson,TE,NYG,4,0.0,0.0,8.83,8.83
1816,Theo Johnson,TE,NYG,5,0.0,0.0,11.76,11.76
1817,Theo Johnson,TE,NYG,6,0.0,0.0,6.63,6.63
1818,Theo Johnson,TE,NYG,7,0.0,0.0,10.42,10.42
1819,Tim Patrick,WR,JAX,2,0.0,0.0,1.78,1.78
1820,Tim Patrick,WR,JAX,3,0.0,0.0,1.45,1.45
1821,Tim Patrick,WR,JAX,4,0.0,0.0,1.25,1.25
1822,Tim Patrick,WR,JAX,5,0.0,0.0,2.05,2.05
1823,Tim Patrick,WR,JAX,6,0.0,0.0,1.92,1.92
1824,Tim Patrick,WR,JAX,7,0.0,0.0,1.93,1.93
1825,Tip Reiman,TE,ARI,1,0.0,0.0,1.35,1.35
1826,Tip Reiman,TE,ARI,3,0.0,0.0,4.57,4.57
1827,Tip Reiman,TE,ARI,5,0.0,0.0,1.45,1.45
1828,Tommy Tremble,TE,CAR,1,0.0,0.0,1.46,1.46
1829,Tommy Tremble,TE,CAR,2,0.0,0.0,4.52,4.52
1830,Tommy Tremble,TE,CAR,3,0.0,0.0,3.29,3.29
1831,Tommy Tremble,TE,CAR,4,0.0,0.0,12.93,12.93
1832,Tommy Tremble,TE,CAR,5,0.0,0.0,3.21,3.21
1833,Tommy Tremble,TE,CAR,6,0.0,0.0,5.54,5.54
1834,Tommy Tremble,TE,CAR,7,0.0,0.0,1.51,1.51
1835,Tony Pollard,RB,TEN,1,0.0,11.22,1.34,12.56
1836,Tony Pollard,RB,TEN,2,0.0,12.12,1.39,13.51
1837,Tony Pollard,RB,TEN,3,0.0,12.27,6.1,18.369999999999997
1838,Tony Pollard,RB,TEN,4,0.0,5.77,4.0,9.77
1839,Tony Pollard,RB,TEN,5,0.0,8.29,3.92,12.209999999999999
1840,Tony Pollard,RB,TEN,6,0.0,5.17,2.62,7.79
1841,Tony Pollard,RB,TEN,7,0.0,3.69,9.04,12.729999999999999
1842,Tory Horton,WR,SEA,2,0.0,0.0,7.79,7.79
1843,Tory Horton,WR,SEA,3,0.0,0.0,6.22,6.22
1844,Tory Horton,WR,SEA,4,0.0,0.0,3.77,3.77
1845,Tory Horton,WR,SEA,5,0.0,0.0,7.27,7.27
1846,Tory Horton,WR,SEA,6,0.0,0.0,2.19,2.19
1847,Tory Horton,WR,SEA,7,0.0,0.0,5.57,5.57
1848,Travis Etienne,RB,JAX,1,0.0,10.88,4.0,14.88
1849,Travis Etienne,RB,JAX,2,0.0,9.49,4.8,14.29
1850,Travis Etienne,RB,JAX,3,0.0,8.29,2.63,10.919999999999998
1851,Travis Etienne,RB,JAX,4,0.0,10.66,2.9,13.56
1852,Travis Etienne,RB,JAX,5,0.0,8.39,5.82,14.21
1853,Travis Etienne,RB,JAX,6,0.0,5.81,6.72,12.53
1854,Travis Etienne,RB,JAX,7,0.0,4.68,4.07,8.75
1855,Travis Hunter,WR,JAX,1,0.0,0.0,13.07,13.07
1856,Travis Hunter,WR,JAX,2,0.0,0.0,9.18,9.18
1857,Travis Hunter,WR,JAX,3,0.0,0.0,2.96,2.96
1858,Travis Hunter,WR,JAX,4,0.0,0.0,8.76,8.76
1859,Travis Hunter,WR,JAX,5,0.0,0.0,5.39,5.39
1860,Travis Hunter,WR,JAX,6,0.0,0.0,10.52,10.52
1861,Travis Hunter,WR,JAX,7,0.0,1.0,23.91,24.91
1862,Travis Kelce,TE,KAN,1,0.0,0.0,6.75,6.75
1863,Travis Kelce,TE,KAN,2,0.0,0.0,9.82,9.82
1864,Travis Kelce,TE,KAN,3,0.0,0.0,11.03,11.03
1865,Travis Kelce,TE,KAN,4,0.0,0.0,7.66,7.66
1866,Travis Kelce,TE,KAN,5,0.0,0.0,12.24,12.24
1867,Travis Kelce,TE,KAN,6,0.0,0.0,10.78,10.78
1868,Travis Kelce,TE,KAN,7,0.0,0.0,4.51,4.51
1869,Tre Harris,WR,LAC,1,0.0,0.0,1.56,1.56
1870,Tre Harris,WR,LAC,2,0.0,0.0,5.14,5.14
1871,Tre Harris,WR,LAC,3,0.0,0.0,1.83,1.83
1872,Tre Harris,WR,LAC,4,0.0,0.0,1.31,1.31
1873,Tre Harris,WR,LAC,6,0.0,0.0,8.27,8.27
1874,Tre Harris,WR,LAC,7,0.0,0.0,3.46,3.46
1875,Tre Tucker,WR,LVR,1,0.0,0.0,5.69,5.69
1876,Tre Tucker,WR,LVR,2,0.0,0.47,12.9,13.370000000000001
1877,Tre Tucker,WR,LVR,3,0.0,0.42,15.76,16.18
1878,Tre Tucker,WR,LVR,4,0.0,1.42,2.82,4.24
1879,Tre Tucker,WR,LVR,5,0.0,0.9,10.15,11.05
1880,Tre Tucker,WR,LVR,6,0.0,0.0,7.88,7.88
1881,Tre Tucker,WR,LVR,7,0.0,0.0,8.02,8.02
1882,TreVeyon Henderson,RB,NWE,1,0.0,3.72,7.9,11.620000000000001
1883,TreVeyon Henderson,RB,NWE,2,0.0,2.02,2.83,4.85
1884,TreVeyon Henderson,RB,NWE,3,0.0,6.76,4.32,11.08
1885,TreVeyon Henderson,RB,NWE,4,0.0,5.08,2.81,7.890000000000001
1886,TreVeyon Henderson,RB,NWE,5,0.0,3.35,4.5,7.85
1887,TreVeyon Henderson,RB,NWE,6,0.0,5.36,2.95,8.31
1888,TreVeyon Henderson,RB,NWE,7,0.0,1.39,0.0,1.39
1889,Trent Sherfield,WR,DEN,1,0.0,0.0,1.6,1.6
1890,Trent Sherfield,WR,DEN,2,0.0,0.0,1.76,1.76
1891,Trent Sherfield,WR,DEN,5,0.0,0.0,3.57,3.57
1892,Trevor Etienne,RB,CAR,1,0.0,0.39,0.0,0.39
1893,Trevor Etienne,RB,CAR,2,0.0,0.0,1.39,1.39
1894,Trevor Etienne,RB,CAR,4,0.0,4.56,0.0,4.56
1895,Trevor Etienne,RB,CAR,5,0.0,2.87,1.58,4.45
1896,Trevor Etienne,RB,CAR,6,0.0,3.05,0.0,3.05
1897,Trevor Lawrence,QB,JAX,1,12.66,2.76,0.0,15.42
1898,Trevor Lawrence,QB,JAX,2,19.63,1.45,0.0,21.08
1899,Trevor Lawrence,QB,JAX,3,16.49,0.55,0.0,17.04
1900,Trevor Lawrence,QB,JAX,4,12.59,4.59,0.0,17.18
1901,Trevor Lawrence,QB,JAX,5,11.06,8.45,0.0,19.509999999999998
1902,Trevor Lawrence,QB,JAX,6,16.77,1.92,0.0,18.689999999999998
1903,Trevor Lawrence,QB,JAX,7,23.69,1.68,0.0,25.37
1904,Trey Benson,RB,ARI,1,0.0,4.95,1.33,6.28
1905,Trey Benson,RB,ARI,2,0.0,1.43,9.9,11.33
1906,Trey Benson,RB,ARI,3,0.0,7.13,5.86,12.99
1907,Trey Benson,RB,ARI,4,0.0,4.5,7.17,11.67
1908,Trey Lance,QB,LAC,5,1.17,0.45,0.0,1.6199999999999999
1909,Trey McBride,TE,ARI,1,0.0,0.0,13.96,13.96
1910,Trey McBride,TE,ARI,2,0.0,0.0,11.32,11.32
1911,Trey McBride,TE,ARI,3,0.0,0.0,12.66,12.66
1912,Trey McBride,TE,ARI,4,0.0,0.0,18.13,18.13
1913,Trey McBride,TE,ARI,5,0.0,0.0,11.07,11.07
1914,Trey McBride,TE,ARI,6,0.0,0.0,19.01,19.01
1915,Trey McBride,TE,ARI,7,0.0,0.0,22.04,22.04
1916,Troy Franklin,WR,DEN,1,0.0,0.0,9.24,9.24
1917,Troy Franklin,WR,DEN,2,0.0,0.61,14.95,15.559999999999999
1918,Troy Franklin,WR,DEN,3,0.0,0.0,6.03,6.03
1919,Troy Franklin,WR,DEN,4,0.0,0.0,14.17,14.17
1920,Troy Franklin,WR,DEN,5,0.0,0.0,8.56,8.56
1921,Troy Franklin,WR,DEN,6,0.0,0.39,6.07,6.46
1922,Troy Franklin,WR,DEN,7,0.0,0.0,18.24,18.24
1923,Tua Tagovailoa,QB,MIA,1,10.22,0.71,0.0,10.93
1924,Tua Tagovailoa,QB,MIA,2,13.7,0.0,0.0,13.7
1925,Tua Tagovailoa,QB,MIA,3,14.16,1.27,0.0,15.43
1926,Tua Tagovailoa,QB,MIA,4,10.72,2.04,0.0,12.760000000000002
1927,Tua Tagovailoa,QB,MIA,5,16.14,0.39,0.0,16.53
1928,Tua Tagovailoa,QB,MIA,6,13.97,0.43,0.0,14.4
1929,Tua Tagovailoa,QB,MIA,7,9.17,2.2,0.0,11.370000000000001
1930,Tucker Fisk,TE,LAC,3,0.0,0.0,2.08,2.08
1931,Tucker Fisk,TE,LAC,4,0.0,0.0,1.63,1.63
1932,Tucker Kraft,TE,GNB,1,0.0,0.53,6.96,7.49
1933,Tucker Kraft,TE,GNB,2,0.0,0.0,11.27,11.27
1934,Tucker Kraft,TE,GNB,3,0.0,0.0,5.76,5.76
1935,Tucker Kraft,TE,GNB,4,0.0,0.0,7.59,7.59
1936,Tucker Kraft,TE,GNB,6,0.0,0.0,3.68,3.68
1937,Tucker Kraft,TE,GNB,7,0.0,0.0,15.65,15.65
1938,Tutu Atwell,WR,LAR,1,0.0,0.0,1.38,1.38
1939,Tutu Atwell,WR,LAR,2,0.0,0.0,1.55,1.55
1940,Tutu Atwell,WR,LAR,3,0.0,0.0,1.77,1.77
1941,Tutu Atwell,WR,LAR,4,0.0,0.0,3.45,3.45
1942,Tutu Atwell,WR,LAR,5,0.0,0.0,8.46,8.46
1943,Ty Johnson,RB,BUF,1,0.0,1.37,3.32,4.6899999999999995
1944,Ty Johnson,RB,BUF,2,0.0,1.05,1.57,2.62
1945,Ty Johnson,RB,BUF,3,0.0,2.7,3.03,5.73
1946,Ty Johnson,RB,BUF,4,0.0,0.8,0.0,0.8
1947,Ty Johnson,RB,BUF,5,0.0,1.75,0.0,1.75
1948,Ty Johnson,RB,BUF,6,0.0,0.51,2.9,3.41
1949,Tyjae Spears,RB,TEN,5,0.0,2.72,0.0,2.72
1950,Tyjae Spears,RB,TEN,6,0.0,2.74,5.88,8.620000000000001
1951,Tyjae Spears,RB,TEN,7,0.0,2.86,5.69,8.55
1952,Tylan Wallace,WR,BAL,2,0.0,0.0,3.15,3.15
1953,Tylan Wallace,WR,BAL,3,0.0,0.0,1.8,1.8
1954,Tylan Wallace,WR,BAL,4,0.0,0.0,3.16,3.16
1955,Tyler Allgeier,RB,ATL,1,0.0,7.73,0.0,7.73
1956,Tyler Allgeier,RB,ATL,2,0.0,11.2,1.64,12.84
1957,Tyler Allgeier,RB,ATL,3,0.0,0.23,2.73,2.96
1958,Tyler Allgeier,RB,ATL,4,0.0,12.17,0.0,12.17
1959,Tyler Allgeier,RB,ATL,6,0.0,7.55,1.17,8.719999999999999
1960,Tyler Allgeier,RB,ATL,7,0.0,2.9,0.0,2.9
1961,Tyler Badie,TE,DEN,1,0.0,0.0,9.56,9.56
1962,Tyler Badie,TE,DEN,2,0.0,0.6,2.52,3.12
1963,Tyler Badie,TE,DEN,4,0.0,0.0,3.35,3.35
1964,Tyler Badie,TE,DEN,5,0.0,0.0,2.87,2.87
1965,Tyler Badie,TE,DEN,7,0.0,0.0,2.74,2.74
1966,Tyler Conklin,TE,LAC,1,0.0,1.03,3.49,4.5200000000000005
1967,Tyler Conklin,TE,LAC,3,0.0,0.0,2.81,2.81
1968,Tyler Conklin,TE,LAC,4,0.0,0.0,1.3,1.3
1969,Tyler Conklin,TE,LAC,5,0.0,0.0,4.57,4.57
1970,Tyler Goodson,RB,IND,3,0.0,1.57,0.0,1.57
1971,Tyler Goodson,RB,IND,4,0.0,0.0,1.47,1.47
1972,Tyler Higbee,TE,LAR,2,0.0,0.0,6.06,6.06
1973,Tyler Higbee,TE,LAR,3,0.0,0.0,1.74,1.74
1974,Tyler Higbee,TE,LAR,4,0.0,0.0,8.8,8.8
1975,Tyler Higbee,TE,LAR,6,0.0,0.0,7.01,7.01
1976,Tyler Higbee,TE,LAR,7,0.0,0.0,9.88,9.88
1977,Tyler Huntley,QB,BAL,6,5.95,1.72,0.0,7.67
1978,Tyler Johnson,WR,NYJ,1,0.0,0.0,3.65,3.65
1979,Tyler Johnson,WR,NYJ,2,0.0,0.0,1.95,1.95
1980,Tyler Johnson,WR,NYJ,3,0.0,0.0,5.25,5.25
1981,Tyler Johnson,WR,NYJ,6,0.0,0.0,1.53,1.53
1982,Tyler Johnson,WR,NYJ,7,0.0,0.0,5.24,5.24
1983,Tyler Lockett,WR,TEN,1,0.0,0.0,1.9,1.9
1984,Tyler Lockett,WR,TEN,2,0.0,0.0,4.47,4.47
1985,Tyler Lockett,WR,TEN,3,0.0,0.0,6.64,6.64
1986,Tyler Lockett,WR,TEN,4,0.0,0.0,6.44,6.44
1987,Tyler Lockett,WR,TEN,5,0.0,0.0,6.51,6.51
1988,Tyler Lockett,WR,TEN,6,0.0,0.0,4.95,4.95
1989,Tyler Lockett,WR,TEN,7,0.0,0.0,3.25,3.25
1990,Tyler Shough,QB,NOR,3,1.09,0.0,0.0,1.09
1991,Tyler Warren,TE,IND,1,0.0,0.68,14.45,15.129999999999999
1992,Tyler Warren,TE,IND,2,0.0,0.65,11.48,12.13
1993,Tyler Warren,TE,IND,3,0.0,0.0,7.46,7.46
1994,Tyler Warren,TE,IND,4,0.0,2.33,10.22,12.55
1995,Tyler Warren,TE,IND,5,0.59,0.0,6.45,7.04
1996,Tyler Warren,TE,IND,6,0.0,0.0,15.2,15.2
1997,Tyler Warren,TE,IND,7,0.0,0.0,7.88,7.88
1998,Tyquan Thornton,WR,KAN,1,0.0,0.0,7.76,7.76
1999,Tyquan Thornton,WR,KAN,2,0.0,0.0,10.36,10.36
2000,Tyquan Thornton,WR,KAN,3,0.0,0.0,17.0,17.0
2001,Tyquan Thornton,WR,KAN,4,0.0,0.0,3.71,3.71
2002,Tyquan Thornton,WR,KAN,5,0.0,0.0,10.18,10.18
2003,Tyquan Thornton,WR,KAN,7,0.0,0.0,4.27,4.27
2004,Tyreek Hill,WR,MIA,1,0.0,0.0,10.5,10.5
2005,Tyreek Hill,WR,MIA,2,0.0,0.0,12.14,12.14
2006,Tyreek Hill,WR,MIA,3,0.0,0.0,17.56,17.56
2007,Tyreek Hill,WR,MIA,4,0.0,0.0,8.88,8.88
2008,Tyrell Shavers,WR,BUF,2,0.0,0.0,3.09,3.09
2009,Tyrell Shavers,WR,BUF,3,0.0,0.0,3.25,3.25
2010,Tyrell Shavers,WR,BUF,5,0.0,0.0,1.96,1.96
2011,Tyrell Shavers,WR,BUF,6,0.0,0.0,8.81,8.81
2012,Tyrod Taylor,QB,NYJ,2,5.14,1.5,0.0,6.64
2013,Tyrod Taylor,QB,NYJ,3,14.66,4.35,0.0,19.009999999999998
2014,Tyrod Taylor,QB,NYJ,7,10.29,1.78,0.0,12.069999999999999
2015,Tyrone Tracy,RB,NYG,1,0.0,4.49,7.25,11.74
2016,Tyrone Tracy,RB,NYG,2,0.0,2.94,7.04,9.98
2017,Tyrone Tracy,RB,NYG,3,0.0,4.22,4.49,8.71
2018,Tyrone Tracy,RB,NYG,6,0.0,2.81,0.0,2.81
2019,Tyrone Tracy,RB,NYG,7,0.0,6.44,0.0,6.44
2020,Tyson Bagent,QB,CHI,2,1.31,0.5,0.0,1.81
2021,Ulysses Bentley,RB,IND,1,0.0,0.75,0.0,0.75
2022,Van Jefferson,WR,TEN,2,0.0,0.0,3.22,3.22
2023,Van Jefferson,WR,TEN,3,0.0,0.0,1.38,1.38
2024,Van Jefferson,WR,TEN,4,0.0,0.0,1.44,1.44
2025,Van Jefferson,WR,TEN,6,0.0,0.0,11.15,11.15
2026,Van Jefferson,WR,TEN,7,0.0,0.0,6.24,6.24
2027,Wan'Dale Robinson,WR,NYG,1,0.0,0.0,11.97,11.97
2028,Wan'Dale Robinson,WR,NYG,2,0.0,0.0,17.54,17.54
2029,Wan'Dale Robinson,WR,NYG,3,0.0,0.0,7.54,7.54
2030,Wan'Dale Robinson,WR,NYG,4,0.0,0.0,6.91,6.91
2031,Wan'Dale Robinson,WR,NYG,5,0.0,0.6,11.33,11.93
2032,Wan'Dale Robinson,WR,NYG,6,0.0,0.0,11.35,11.35
2033,Wan'Dale Robinson,WR,NYG,7,0.0,0.0,19.8,19.8
2034,Will Dissly,TE,LAC,1,0.0,0.0,1.43,1.43
2035,Will Dissly,TE,LAC,2,0.0,0.0,1.65,1.65
2036,Will Dissly,TE,LAC,6,0.0,0.0,2.9,2.9
2037,Will Dissly,TE,LAC,7,0.0,0.0,1.72,1.72
2038,Will Shipley,RB,PHI,1,0.0,2.64,0.0,2.64
2039,Will Shipley,RB,PHI,4,0.0,0.0,1.41,1.41
2040,Will Shipley,RB,PHI,5,0.0,0.41,2.47,2.8800000000000003
2041,Will Shipley,RB,PHI,7,0.0,0.0,1.32,1.32
2042,Woody Marks,RB,HOU,1,0.0,1.58,0.0,1.58
2043,Woody Marks,RB,HOU,2,0.0,1.39,1.51,2.9
2044,Woody Marks,RB,HOU,3,0.0,1.85,2.92,4.77
2045,Woody Marks,RB,HOU,4,0.0,10.54,7.41,17.95
2046,Woody Marks,RB,HOU,5,0.0,5.62,1.46,7.08
2047,Woody Marks,RB,HOU,7,0.0,7.18,8.35,15.53
2048,Xavier Hutchinson,WR,HOU,1,0.0,0.36,3.41,3.77
2049,Xavier Hutchinson,WR,HOU,2,0.0,0.0,5.08,5.08
2050,Xavier Hutchinson,WR,HOU,3,0.0,0.0,4.36,4.36
2051,Xavier Hutchinson,WR,HOU,4,0.0,0.0,4.67,4.67
2052,Xavier Hutchinson,WR,HOU,5,0.0,0.0,5.06,5.06
2053,Xavier Hutchinson,WR,HOU,7,0.0,0.0,7.77,7.77
2054,Xavier Legette,WR,CAR,1,0.0,0.0,11.42,11.42
2055,Xavier Legette,WR,CAR,2,0.0,0.63,12.51,13.14
2056,Xavier Legette,WR,CAR,5,0.0,0.0,5.74,5.74
2057,Xavier Legette,WR,CAR,6,0.0,0.0,3.24,3.24
2058,Xavier Legette,WR,CAR,7,0.0,0.0,18.05,18.05
2059,Xavier Smith,WR,LAR,1,0.0,0.0,2.19,2.19
2060,Xavier Smith,WR,LAR,7,0.0,0.0,5.44,5.44
2061,Xavier Weaver,WR,ARI,4,0.0,0.0,2.08,2.08
2062,Xavier Worthy,WR,KAN,1,0.0,0.44,1.41,1.8499999999999999
2063,Xavier Worthy,WR,KAN,4,0.0,1.25,14.53,15.78
2064,Xavier Worthy,WR,KAN,5,0.0,0.4,15.84,16.24
2065,Xavier Worthy,WR,KAN,6,0.0,0.6,7.09,7.6899999999999995
2066,Xavier Worthy,WR,KAN,7,0.0,0.75,6.44,7.19
2067,Zach Charbonnet,RB,SEA,1,0.0,9.48,0.0,9.48
2068,Zach Charbonnet,RB,SEA,2,0.0,8.67,0.0,8.67
2069,Zach Charbonnet,RB,SEA,4,0.0,9.64,2.86,12.5
2070,Zach Charbonnet,RB,SEA,5,0.0,6.58,2.81,9.39
2071,Zach Charbonnet,RB,SEA,6,0.0,8.9,1.73,10.63
2072,Zach Charbonnet,RB,SEA,7,0.0,8.65,3.33,11.98
2073,Zach Ertz,TE,WAS,1,0.0,0.0,8.25,8.25
2074,Zach Ertz,TE,WAS,2,0.0,0.0,12.42,12.42
2075,Zach Ertz,TE,WAS,3,0.0,0.0,4.85,4.85
2076,Zach Ertz,TE,WAS,4,0.0,0.0,6.43,6.43
2077,Zach Ertz,TE,WAS,5,0.0,0.0,1.61,1.61
2078,Zach Ertz,TE,WAS,6,0.0,0.0,9.74,9.74
2079,Zach Ertz,TE,WAS,7,0.0,0.0,11.38,11.38
2080,Zach Wilson,QB,MIA,1,3.56,0.71,0.0,4.27
2081,Zaire Mitchell,TE,BAL,2,0.0,0.0,1.77,1.77
2082,Zaire Mitchell,TE,BAL,5,0.0,0.0,1.46,1.46
2083,Zamir White,RB,LVR,1,0.0,1.32,0.0,1.32
2084,Zamir White,RB,LVR,2,0.0,1.42,4.34,5.76
2085,Zamir White,RB,LVR,3,0.0,2.29,2.74,5.03
2086,Zavier Scott,RB,MIN,3,0.0,5.08,1.38,6.46
2087,Zavier Scott,RB,MIN,4,0.0,1.25,12.99,14.24
2088,Zavier Scott,RB,MIN,5,0.0,2.11,0.0,2.11
2089,Zavier Scott,RB,MIN,7,0.0,3.31,1.49,4.8
2090,Zay Flowers,WR,BAL,1,0.0,1.21,15.58,16.79
2091,Zay Flowers,WR,BAL,2,0.0,0.65,18.67,19.32
2092,Zay Flowers,WR,BAL,3,0.0,0.0,4.52,4.52
2093,Zay Flowers,WR,BAL,4,0.0,0.0,13.22,13.22
2094,Zay Flowers,WR,BAL,5,0.0,0.0,8.03,8.03
2095,Zay Flowers,WR,BAL,6,0.0,0.0,16.64,16.64
2096,Zay Jones,WR,ARI,1,0.0,0.0,1.75,1.75
2097,Zay Jones,WR,ARI,3,0.0,0.0,5.11,5.11
2098,Zay Jones,WR,ARI,5,0.0,0.0,5.04,5.04
2099,Zay Jones,WR,ARI,6,0.0,0.0,14.08,14.08
2100,Zay Jones,WR,ARI,7,0.0,0.0,3.87,3.87
2101,Zonovan Knight,RB,ARI,5,0.0,2.83,1.56,4.390000000000001
2102,Zonovan Knight,RB,ARI,6,0.0,8.89,3.02,11.91
2103,Zonovan Knight,RB,ARI,7,0.0,10.48,6.43,16.91
